id,Segment,duration_months,credit_amount,installment_rate,present_residence_since,age_years,number_existing_credits,checking_status,credit_history,purpose,savings_account,present_employment_since,debtors_guarantors,property,installment_plans,housing,job,number_people_liable,telephone,foreign_worker,gender,label,score
0,4,6,1169,4,4,24,2,A11,A34,A43,A65,A75,A101,A121,A143,A152,A173,1,A192,A201,male,0,0
1,5,23,5951,2,2,72,1,A12,A32,A43,A61,A73,A101,A121,A143,A152,A173,1,A192,A201,female,1,0
2,6,12,2096,2,3,36,1,A14,A34,A46,A61,A74,A101,A121,A143,A152,A172,2,A192,A201,female,0,0
3,4,42,7882,2,4,12,1,A11,A32,A42,A61,A74,A103,A122,A143,A153,A173,2,A192,A201,female,0,0
4,4,24,4870,2,4,28,1,A11,A33,A40,A61,A73,A103,A124,A143,A153,A173,2,A192,A201,female,1,1
5,4,36,9055,2,4,24,1,A14,A32,A46,A65,A73,A103,A124,A143,A153,A173,2,A192,A201,female,0,0
6,3,36,2835,2,4,72,1,A14,A32,A42,A63,A73,A103,A124,A143,A152,A173,2,A192,A201,female,0,0
7,1,36,6948,2,2,36,1,A12,A32,A41,A61,A73,A103,A124,A143,A151,A173,2,A192,A201,female,0,0
8,5,36,3059,2,4,12,1,A14,A32,A43,A64,A73,A103,A124,A143,A151,A173,2,A191,A201,male,0,0
9,2,36,5234,2,2,28,1,A12,A34,A40,A61,A73,A103,A124,A143,A151,A173,2,A191,A201,male,1,1
10,3,36,1295,2,2,24,1,A12,A32,A40,A61,A73,A103,A124,A143,A151,A173,2,A191,A201,female,1,1
11,1,36,4308,2,2,72,1,A11,A32,A49,A61,A73,A101,A124,A143,A151,A173,2,A191,A201,female,1,0
12,6,36,1567,2,2,36,1,A12,A32,A49,A61,A73,A101,A124,A143,A151,A173,2,A192,A201,female,0,0
13,6,36,1199,2,2,12,1,A11,A34,A49,A61,A73,A101,A124,A143,A151,A173,2,A191,A201,male,1,1
14,1,36,1403,2,2,28,1,A11,A32,A49,A61,A73,A101,A124,A143,A151,A173,2,A191,A201,female,0,0
15,6,36,1282,2,2,24,1,A11,A32,A49,A62,A73,A101,A124,A143,A151,A173,2,A191,A201,female,1,1
16,1,36,1282,2,2,72,1,A14,A34,A49,A65,A73,A101,A124,A143,A151,A173,2,A191,A201,male,0,0
17,2,36,1282,2,2,36,1,A11,A30,A49,A65,A73,A101,A124,A143,A151,A173,2,A191,A201,male,0,0
18,1,36,1282,2,2,12,1,A12,A32,A49,A61,A75,A101,A124,A143,A151,A174,2,A192,A201,female,1,1
19,3,36,1282,2,2,28,1,A14,A32,A49,A63,A75,A101,A123,A143,A151,A173,2,A192,A201,male,0,0
20,6,36,1282,2,2,22,1,A14,A34,A40,A61,A73,A101,A123,A143,A151,A173,2,A192,A201,male,0,0
21,2,36,1282,2,2,44,1,A11,A34,A43,A63,A73,A101,A121,A143,A151,A173,2,A191,A201,male,0,0
22,1,36,1282,2,2,48,1,A11,A34,A40,A61,A72,A101,A121,A143,A151,A172,2,A191,A202,male,0,0
23,5,36,1282,2,2,23,1,A12,A34,A41,A62,A72,A101,A122,A143,A152,A173,2,A191,A202,male,0,0
24,4,36,1282,2,2,26,1,A14,A34,A42,A65,A73,A101,A123,A143,A152,A173,2,A191,A202,male,0,0
25,2,36,1282,2,2,36,1,A11,A34,A42,A61,A73,A101,A121,A143,A152,A172,2,A192,A202,male,0,0
26,2,6,1282,2,2,39,1,A14,A34,A43,A61,A75,A101,A123,A143,A152,A172,2,A191,A202,male,0,0
27,6,12,1282,2,2,42,1,A13,A34,A43,A64,A73,A101,A121,A143,A151,A173,2,A191,A202,female,0,0
28,6,7,1282,3,2,34,1,A12,A34,A43,A61,A73,A103,A121,A143,A152,A173,1,A191,A202,male,0,1
29,5,60,1282,3,2,63,1,A11,A33,A49,A61,A75,A101,A124,A143,A152,A173,1,A192,A202,male,1,1
30,1,18,1282,3,2,36,1,A12,A32,A49,A64,A72,A101,A121,A141,A152,A173,1,A192,A202,male,0,0
31,3,24,1282,2,2,27,1,A11,A32,A42,A61,A73,A101,A123,A142,A152,A173,1,A191,A201,male,0,0
32,4,12,1282,2,2,30,1,A12,A32,A40,A62,A73,A101,A123,A143,A152,A173,1,A192,A201,male,0,0
33,5,12,1282,4,2,57,1,A14,A34,A49,A65,A75,A101,A124,A143,A151,A172,1,A191,A201,male,0,0
34,1,12,1282,4,2,33,1,A13,A32,A42,A61,A72,A101,A122,A141,A152,A174,1,A192,A201,female,0,0
35,3,45,4746,4,2,53,2,A12,A34,A43,A61,A72,A101,A122,A143,A152,A172,1,A191,A201,male,1,1
36,1,48,6110,1,3,31,1,A14,A34,A46,A61,A73,A101,A124,A141,A153,A173,1,A192,A201,male,0,1
37,6,18,2100,4,2,37,1,A13,A32,A43,A61,A73,A102,A121,A142,A152,A173,1,A191,A201,male,1,1
38,2,10,1225,2,2,37,1,A13,A32,A44,A61,A73,A101,A123,A143,A152,A173,1,A192,A201,male,0,0
39,6,9,458,4,3,24,1,A12,A32,A43,A61,A73,A101,A121,A143,A152,A173,1,A191,A201,male,0,0
40,5,30,2333,4,2,30,1,A14,A32,A43,A63,A75,A101,A123,A141,A152,A174,1,A191,A201,male,0,0
41,5,12,1158,3,1,26,1,A12,A32,A43,A63,A73,A101,A123,A143,A152,A173,1,A192,A201,male,0,0
42,2,18,6204,2,4,44,1,A12,A33,A45,A61,A73,A101,A121,A143,A152,A172,2,A192,A201,male,0,0
43,5,30,6187,1,4,24,2,A11,A34,A41,A62,A74,A101,A123,A143,A151,A173,1,A191,A201,male,0,0
44,3,48,6143,4,4,58,2,A11,A34,A41,A61,A75,A101,A124,A142,A153,A172,1,A191,A201,female,1,1
45,2,11,1393,4,4,35,2,A14,A34,A40,A61,A72,A101,A123,A143,A152,A174,1,A191,A201,female,0,0
46,6,36,2299,4,4,39,1,A14,A32,A43,A63,A75,A101,A123,A143,A152,A173,1,A191,A201,male,0,0
47,2,6,1352,1,2,23,1,A11,A32,A41,A63,A71,A101,A122,A143,A151,A171,1,A192,A201,female,0,0
48,5,11,7228,1,4,39,2,A14,A34,A40,A61,A73,A101,A122,A143,A152,A172,1,A191,A201,male,0,0
49,2,12,2073,4,2,28,1,A14,A32,A43,A62,A73,A102,A121,A143,A152,A173,1,A191,A201,female,0,0
50,2,24,2333,4,2,29,1,A12,A33,A42,A65,A72,A101,A122,A141,A152,A172,1,A191,A201,male,0,0
51,6,27,5965,1,2,30,2,A12,A33,A41,A61,A75,A101,A123,A143,A152,A174,1,A192,A201,male,0,0
52,6,12,1262,3,2,25,1,A14,A32,A43,A61,A73,A101,A123,A143,A152,A173,1,A191,A201,male,0,0
53,4,18,3378,2,1,31,1,A14,A32,A41,A65,A73,A101,A122,A143,A152,A173,1,A192,A201,male,0,0
54,4,36,2225,4,4,57,2,A12,A33,A40,A61,A75,A101,A124,A141,A153,A173,1,A192,A201,male,1,1
55,5,6,783,1,2,26,1,A14,A31,A40,A65,A73,A103,A121,A142,A152,A172,2,A191,A201,male,0,0
56,5,12,6468,2,1,52,1,A12,A32,A43,A65,A71,A101,A124,A143,A152,A174,1,A192,A201,male,1,1
57,6,36,9566,2,2,31,2,A14,A34,A43,A61,A73,A101,A123,A142,A152,A173,1,A191,A201,female,0,0
58,4,18,1961,3,2,23,1,A13,A32,A40,A61,A75,A101,A123,A143,A152,A174,1,A191,A201,female,0,0
59,1,36,423,4,4,23,2,A11,A34,A42,A61,A72,A102,A124,A143,A151,A172,1,A192,A201,female,1,1
60,1,9,1391,2,1,27,1,A12,A32,A49,A61,A73,A101,A121,A141,A152,A173,1,A192,A201,male,0,0
61,3,15,1537,4,4,50,2,A12,A34,A43,A65,A75,A103,A121,A143,A152,A173,1,A192,A201,male,0,0
62,6,36,1953,4,4,61,1,A12,A30,A49,A61,A75,A101,A124,A143,A153,A174,1,A192,A201,male,1,1
63,2,48,14421,2,2,25,1,A12,A30,A49,A61,A73,A101,A123,A143,A152,A173,1,A192,A201,male,1,1
64,1,24,3181,4,4,26,1,A14,A32,A43,A61,A72,A101,A122,A143,A152,A173,1,A192,A201,female,0,0
65,6,27,5190,4,4,48,4,A14,A32,A45,A65,A75,A101,A122,A143,A152,A173,2,A192,A201,male,0,0
66,5,12,2171,2,2,29,1,A14,A32,A43,A61,A72,A101,A123,A141,A152,A173,1,A191,A201,female,0,0
67,6,12,213,4,1,22,1,A12,A32,A40,A64,A73,A101,A121,A143,A152,A173,1,A191,A201,male,0,0
68,6,36,1819,4,4,37,1,A14,A32,A46,A61,A73,A101,A124,A142,A153,A173,1,A192,A201,male,1,1
69,5,36,2394,4,4,25,1,A14,A32,A43,A65,A73,A101,A123,A143,A152,A173,1,A191,A201,female,0,0
70,6,36,8133,1,2,30,1,A14,A32,A41,A61,A73,A101,A122,A141,A152,A173,1,A191,A201,female,0,0
71,2,7,730,4,2,46,2,A14,A34,A43,A65,A75,A101,A122,A143,A151,A172,1,A192,A201,male,0,0
72,5,8,1164,3,4,51,2,A11,A34,A410,A61,A75,A101,A124,A141,A153,A174,2,A192,A201,male,0,0
73,1,42,5954,2,1,41,2,A12,A34,A49,A61,A74,A101,A121,A141,A152,A172,1,A191,A201,female,0,0
74,3,36,1977,4,4,12,1,A11,A32,A46,A65,A75,A101,A124,A143,A152,A174,1,A192,A201,male,1,1
75,3,12,1526,4,4,66,2,A11,A34,A41,A61,A75,A101,A124,A143,A153,A174,1,A191,A201,male,0,0
76,4,42,3965,4,3,34,1,A11,A32,A43,A61,A72,A101,A123,A143,A152,A173,1,A191,A201,male,1,1
77,1,11,4771,2,4,51,1,A12,A33,A43,A61,A74,A101,A122,A143,A152,A173,1,A191,A201,male,0,0
78,6,123,9436,2,2,39,1,A14,A30,A41,A65,A73,A101,A122,A143,A152,A172,2,A191,A201,male,0,0
79,3,30,3832,2,1,22,1,A12,A32,A42,A61,A72,A101,A122,A143,A152,A173,1,A191,A201,male,0,0
80,6,24,5943,1,1,44,2,A14,A32,A43,A65,A72,A101,A123,A143,A152,A173,1,A192,A201,female,1,1
81,4,15,1213,4,3,47,1,A14,A32,A43,A63,A75,A101,A122,A142,A152,A173,1,A192,A201,male,0,0
82,1,12,1568,3,4,24,1,A14,A32,A49,A62,A73,A101,A122,A143,A151,A172,1,A191,A201,female,0,0
83,5,24,1755,4,1,58,1,A11,A32,A410,A61,A75,A103,A121,A143,A152,A172,1,A192,A201,female,0,0
84,1,10,2315,3,4,52,1,A11,A32,A43,A61,A75,A101,A121,A143,A152,A172,1,A191,A201,male,0,0
85,4,12,1412,4,2,29,2,A14,A34,A49,A61,A73,A103,A121,A143,A152,A174,1,A192,A201,female,0,0
86,6,18,1295,4,2,27,2,A12,A34,A42,A61,A72,A101,A122,A143,A152,A173,1,A191,A201,female,0,0
87,6,36,12612,1,4,47,1,A12,A32,A46,A62,A73,A101,A124,A143,A153,A173,2,A192,A201,male,1,1
88,1,18,2249,4,3,30,1,A11,A32,A40,A62,A74,A101,A123,A143,A152,A174,2,A192,A201,male,0,0
89,6,12,1108,4,3,28,2,A11,A30,A45,A61,A74,A101,A121,A143,A152,A173,1,A191,A201,male,1,1
90,5,12,618,4,4,56,1,A14,A34,A43,A61,A75,A101,A121,A143,A152,A173,1,A191,A201,male,0,0
91,1,12,1409,4,3,54,1,A11,A34,A41,A61,A75,A101,A121,A143,A152,A173,1,A191,A201,male,0,0
92,4,12,797,4,3,33,1,A14,A34,A43,A65,A75,A101,A122,A141,A152,A172,2,A191,A201,female,1,1
93,3,24,3617,4,4,20,2,A13,A34,A42,A65,A75,A102,A124,A143,A151,A173,1,A191,A201,male,0,0
94,2,12,1318,4,4,54,1,A12,A32,A40,A64,A75,A101,A121,A143,A152,A173,1,A192,A201,male,0,0
95,5,54,15945,3,4,58,1,A12,A30,A49,A61,A72,A101,A124,A143,A151,A173,1,A192,A201,male,1,1
96,6,12,2012,4,2,61,1,A14,A34,A46,A65,A74,A101,A123,A143,A152,A173,1,A191,A201,female,0,0
97,2,18,2622,4,4,34,1,A12,A32,A49,A62,A73,A101,A123,A143,A152,A173,1,A191,A201,male,0,0
98,1,36,2337,4,4,36,1,A12,A34,A43,A61,A75,A101,A121,A143,A152,A173,1,A191,A201,male,0,0
99,3,20,7057,3,4,36,2,A12,A33,A41,A65,A74,A101,A122,A141,A151,A174,2,A192,A201,male,0,0
100,4,24,1469,4,4,41,1,A14,A32,A40,A62,A75,A101,A121,A143,A151,A172,1,A191,A201,male,0,0
101,5,36,2323,4,4,24,1,A12,A32,A43,A61,A74,A101,A123,A143,A151,A173,1,A191,A201,male,0,0
102,5,6,932,3,2,24,1,A14,A33,A43,A61,A73,A101,A121,A143,A152,A173,1,A191,A201,female,0,0
103,2,9,1919,4,3,35,1,A12,A34,A42,A61,A74,A101,A123,A143,A151,A173,1,A192,A201,male,0,0
104,6,12,2445,2,4,26,1,A14,A32,A41,A65,A72,A101,A123,A143,A151,A173,1,A192,A201,male,0,0
105,5,24,11938,2,3,39,2,A12,A34,A410,A61,A73,A102,A123,A143,A152,A174,2,A192,A201,male,1,1
106,3,18,6458,2,4,39,2,A14,A31,A40,A61,A75,A101,A124,A141,A152,A174,2,A192,A201,male,1,1
107,5,12,6078,2,2,32,1,A12,A32,A40,A61,A74,A101,A123,A143,A152,A173,1,A191,A201,male,0,0
108,5,24,7721,1,2,30,1,A11,A32,A42,A65,A72,A101,A122,A143,A152,A173,1,A192,A202,female,0,0
109,3,14,1410,1,2,35,1,A12,A32,A49,A63,A75,A101,A121,A143,A152,A173,1,A192,A201,male,0,0
110,6,6,1449,1,2,31,2,A12,A33,A49,A62,A75,A101,A123,A141,A152,A173,2,A191,A201,male,0,0
111,2,15,392,4,4,23,1,A13,A32,A46,A61,A72,A101,A122,A143,A151,A173,1,A192,A201,female,0,0
112,3,18,6260,3,3,28,1,A12,A32,A40,A61,A74,A101,A121,A143,A151,A172,1,A191,A201,male,0,0
113,5,36,7855,4,2,25,2,A14,A34,A40,A61,A73,A101,A121,A142,A152,A173,1,A192,A201,female,1,1
114,6,12,1680,3,1,35,1,A11,A32,A43,A63,A75,A101,A121,A143,A152,A173,1,A191,A201,male,0,0
115,3,48,3578,4,1,47,1,A14,A34,A43,A65,A75,A101,A121,A143,A152,A173,1,A192,A201,male,0,0
116,2,42,7174,4,3,30,1,A11,A32,A43,A65,A74,A101,A123,A143,A152,A174,1,A192,A201,female,1,1
117,4,10,2132,2,3,27,2,A11,A34,A42,A65,A72,A102,A121,A143,A151,A173,1,A191,A202,female,0,0
118,1,33,4281,1,4,23,2,A11,A34,A42,A63,A73,A101,A123,A143,A152,A173,1,A191,A201,female,1,1
119,3,12,2366,3,3,36,1,A12,A34,A40,A63,A74,A101,A123,A143,A152,A174,1,A192,A201,male,0,0
120,5,21,1835,3,2,25,2,A11,A32,A43,A61,A73,A101,A121,A143,A152,A173,1,A192,A201,female,1,1
121,4,24,3868,4,2,41,2,A14,A34,A41,A61,A75,A101,A123,A143,A151,A174,1,A192,A201,female,0,0
122,3,12,1768,3,2,24,1,A14,A32,A42,A61,A73,A101,A121,A143,A151,A172,1,A191,A201,male,0,0
123,5,10,781,4,4,63,2,A13,A34,A40,A61,A75,A101,A124,A143,A153,A173,1,A192,A201,male,0,0
124,4,18,1924,4,3,27,1,A12,A32,A42,A65,A72,A101,A121,A143,A151,A173,1,A191,A201,female,1,1
125,1,12,2121,4,2,30,2,A11,A34,A40,A61,A73,A101,A122,A143,A152,A173,1,A191,A201,male,0,0
126,4,12,701,4,2,40,1,A11,A32,A43,A61,A73,A101,A121,A143,A152,A172,1,A191,A201,male,0,0
127,2,12,639,4,2,30,1,A12,A32,A45,A61,A73,A101,A123,A143,A152,A173,1,A191,A201,male,1,1
128,1,12,1860,4,2,34,2,A12,A34,A41,A61,A71,A101,A123,A143,A152,A174,1,A192,A201,male,0,0
129,2,12,3499,3,2,29,2,A11,A34,A40,A61,A73,A102,A121,A143,A152,A173,1,A191,A201,female,1,1
130,1,48,8487,1,2,24,1,A12,A32,A40,A65,A74,A101,A123,A143,A152,A173,1,A191,A201,female,0,0
131,4,36,6887,4,3,29,1,A11,A33,A46,A61,A73,A101,A122,A142,A152,A173,1,A192,A201,male,1,1
132,3,15,2708,2,3,27,2,A14,A32,A42,A61,A72,A101,A122,A141,A152,A172,1,A191,A201,male,0,0
133,4,18,1984,4,4,47,2,A14,A32,A42,A61,A73,A101,A124,A141,A153,A173,1,A191,A201,male,0,0
134,1,60,10144,2,4,21,1,A14,A32,A43,A62,A74,A101,A121,A143,A152,A173,1,A192,A201,female,0,0
135,4,12,1240,4,2,38,2,A14,A34,A43,A65,A75,A101,A121,A143,A152,A173,1,A192,A201,female,0,0
136,1,27,8613,2,2,27,2,A14,A33,A41,A64,A73,A101,A123,A143,A152,A173,1,A191,A201,male,0,0
137,1,12,766,4,3,66,1,A12,A32,A43,A63,A73,A101,A121,A143,A152,A172,1,A191,A201,male,1,1
138,2,15,2728,4,2,35,3,A12,A34,A43,A65,A74,A103,A121,A141,A152,A173,1,A192,A201,male,0,0
139,3,12,1881,2,2,44,1,A13,A32,A43,A61,A73,A101,A123,A143,A151,A172,1,A192,A201,female,0,0
140,6,6,709,2,2,27,1,A13,A32,A40,A64,A72,A101,A121,A143,A152,A171,1,A191,A202,male,0,0
141,1,36,4795,4,1,30,1,A12,A32,A43,A61,A72,A101,A124,A143,A152,A174,1,A192,A201,female,0,0
142,5,27,3416,3,2,27,1,A11,A32,A43,A61,A73,A101,A123,A143,A152,A174,1,A191,A201,male,0,0
143,4,18,2462,2,2,22,1,A11,A32,A42,A61,A73,A101,A123,A143,A152,A173,1,A191,A201,male,1,1
144,3,21,2288,4,4,23,1,A14,A34,A42,A61,A72,A101,A122,A143,A152,A173,1,A192,A201,female,0,0
145,5,48,3566,4,2,30,1,A12,A31,A49,A62,A74,A101,A123,A143,A152,A173,1,A191,A201,male,0,0
146,3,6,860,1,4,39,2,A11,A34,A40,A61,A75,A101,A124,A143,A152,A173,1,A192,A201,female,0,0
147,4,12,682,4,3,51,2,A14,A34,A40,A62,A74,A101,A123,A143,A152,A173,1,A192,A201,female,0,0
148,1,36,5371,3,2,28,2,A11,A34,A42,A61,A73,A103,A122,A143,A152,A173,1,A191,A201,male,0,0
149,3,18,1582,4,4,46,2,A14,A34,A43,A64,A75,A101,A123,A143,A152,A173,1,A191,A201,male,0,0
150,4,6,1346,2,4,42,1,A14,A32,A43,A62,A75,A101,A124,A141,A153,A173,2,A192,A201,male,0,0
151,2,10,1924,1,4,38,1,A14,A32,A43,A61,A73,A101,A122,A143,A152,A173,1,A192,A202,male,0,0
152,2,36,5848,4,1,24,1,A13,A32,A43,A61,A73,A101,A123,A143,A152,A173,1,A191,A201,male,0,0
153,6,24,7758,2,4,29,1,A12,A34,A41,A64,A75,A101,A124,A143,A151,A173,1,A191,A201,female,0,0
154,5,24,6967,4,4,36,1,A12,A33,A49,A62,A74,A101,A123,A143,A151,A174,1,A192,A201,male,0,0
155,2,12,1282,2,4,20,1,A11,A32,A42,A61,A73,A101,A123,A143,A151,A173,1,A191,A201,female,1,1
156,6,9,1288,3,4,48,2,A11,A34,A45,A62,A75,A103,A121,A143,A152,A173,2,A191,A202,male,0,0
157,6,12,339,4,1,45,1,A11,A31,A48,A61,A75,A101,A123,A141,A152,A172,1,A191,A201,male,0,0
158,1,24,3512,2,3,38,2,A12,A32,A40,A62,A74,A101,A123,A141,A152,A173,1,A192,A201,male,0,0
159,3,6,1898,1,2,34,2,A14,A34,A43,A65,A73,A101,A121,A143,A152,A172,2,A191,A201,male,0,0
160,5,24,2872,3,4,36,1,A14,A34,A43,A62,A75,A101,A121,A143,A152,A173,2,A192,A201,male,0,0
161,5,18,1055,4,1,30,2,A14,A34,A40,A61,A72,A101,A122,A143,A152,A173,1,A191,A201,female,0,0
162,5,15,1262,4,3,36,2,A14,A32,A44,A63,A74,A101,A122,A143,A152,A173,1,A192,A201,male,0,0
163,3,10,7308,2,4,70,1,A12,A32,A40,A61,A71,A101,A124,A141,A153,A174,1,A192,A201,male,0,0
164,2,36,909,4,4,36,1,A14,A32,A40,A63,A75,A101,A122,A143,A152,A173,1,A191,A201,male,0,0
165,6,6,2978,1,2,32,1,A14,A32,A42,A63,A73,A101,A123,A143,A152,A173,1,A192,A201,male,0,0
166,6,18,1131,4,2,33,1,A11,A32,A42,A61,A71,A101,A123,A143,A152,A173,1,A191,A201,female,1,1
167,4,11,1577,4,1,20,1,A12,A32,A42,A64,A72,A101,A121,A143,A152,A173,1,A191,A201,female,0,0
168,5,24,3972,2,4,25,1,A14,A32,A42,A61,A74,A101,A122,A143,A151,A173,1,A192,A201,female,0,0
169,4,24,1935,4,4,31,2,A12,A34,A49,A61,A75,A101,A121,A143,A152,A173,1,A192,A201,male,1,1
170,1,15,950,4,3,33,2,A11,A30,A40,A61,A75,A101,A123,A143,A151,A173,2,A191,A201,male,1,1
171,2,12,763,4,1,26,1,A14,A32,A42,A61,A73,A101,A121,A143,A152,A173,1,A192,A201,female,0,0
172,2,24,2064,3,2,34,1,A12,A33,A42,A61,A71,A101,A122,A143,A152,A174,1,A192,A201,female,1,1
173,1,8,1414,4,2,33,1,A12,A32,A43,A61,A73,A103,A121,A143,A152,A173,1,A191,A202,male,0,0
174,6,21,3414,2,1,26,2,A11,A33,A46,A61,A72,A101,A122,A143,A152,A173,1,A191,A201,male,1,1
175,2,30,7485,4,1,53,1,A14,A31,A41,A65,A71,A101,A121,A141,A152,A174,1,A192,A201,female,1,1
176,1,12,2577,2,1,42,1,A11,A32,A42,A61,A73,A101,A123,A143,A152,A173,1,A191,A201,male,0,0
177,3,6,338,4,4,52,2,A11,A34,A43,A63,A75,A101,A123,A143,A152,A173,1,A191,A201,male,0,0
178,5,12,1963,4,2,31,2,A14,A32,A43,A61,A74,A101,A123,A143,A151,A174,2,A192,A201,male,0,0
179,4,21,571,4,4,65,2,A11,A34,A40,A61,A75,A101,A121,A143,A152,A173,1,A191,A201,male,0,0
180,3,36,9572,1,1,28,2,A14,A33,A49,A61,A72,A101,A123,A143,A152,A173,1,A191,A201,male,1,1
181,3,36,4455,2,2,30,2,A12,A33,A49,A61,A73,A101,A121,A142,A152,A174,1,A192,A201,male,1,1
182,6,21,1647,4,2,40,2,A11,A31,A40,A65,A73,A101,A122,A143,A152,A172,2,A191,A201,male,1,1
183,6,24,3777,4,4,50,1,A14,A34,A42,A64,A73,A101,A121,A143,A152,A173,1,A192,A201,male,0,0
184,4,18,884,4,4,36,1,A12,A34,A40,A61,A75,A101,A123,A141,A152,A173,2,A192,A201,male,1,1
185,3,15,1360,4,2,31,2,A14,A34,A43,A61,A73,A101,A122,A143,A152,A173,1,A191,A201,male,0,0
186,3,9,5129,2,4,74,1,A12,A31,A41,A61,A75,A101,A124,A141,A153,A174,2,A192,A201,female,1,1
187,3,16,1175,2,3,68,3,A12,A34,A40,A61,A71,A101,A123,A143,A153,A171,1,A192,A201,male,0,0
188,6,12,674,4,1,20,1,A11,A32,A43,A62,A74,A101,A122,A143,A152,A173,1,A191,A201,male,1,1
189,5,18,3244,1,4,33,2,A12,A30,A42,A61,A73,A101,A123,A141,A152,A173,1,A192,A201,female,0,0
190,3,24,4591,2,3,54,3,A14,A32,A49,A64,A73,A101,A122,A143,A152,A174,1,A192,A201,male,1,1
191,5,48,3844,4,4,34,1,A12,A30,A49,A62,A74,A101,A124,A143,A153,A172,2,A191,A201,male,1,1
192,3,27,3915,4,2,36,1,A12,A32,A49,A61,A73,A101,A123,A143,A152,A173,2,A192,A201,male,1,1
193,3,6,2108,2,2,29,1,A14,A32,A43,A61,A74,A101,A121,A143,A151,A173,1,A191,A201,male,0,0
194,3,45,3031,4,4,21,1,A12,A32,A43,A62,A73,A103,A122,A143,A151,A173,1,A191,A201,male,1,1
195,5,9,1501,2,3,34,2,A12,A34,A46,A61,A75,A101,A123,A143,A152,A174,1,A192,A201,female,1,1
196,3,6,1382,1,1,28,2,A14,A34,A43,A61,A73,A101,A123,A143,A152,A173,1,A192,A201,female,0,0
197,3,12,951,4,4,27,4,A12,A32,A42,A62,A72,A101,A123,A141,A151,A173,1,A191,A201,female,1,0
198,1,24,2760,4,4,36,1,A12,A32,A41,A65,A75,A101,A124,A141,A153,A173,1,A192,A201,male,0,0
199,3,18,4297,4,3,40,1,A12,A33,A42,A61,A75,A101,A124,A143,A152,A174,1,A192,A201,male,1,1
200,5,9,936,4,2,52,2,A14,A34,A46,A63,A75,A101,A123,A143,A152,A173,1,A192,A201,male,0,0
201,3,12,1168,4,3,27,1,A11,A32,A40,A61,A73,A101,A121,A143,A152,A172,1,A191,A201,male,0,0
202,3,27,5117,3,4,26,2,A14,A33,A49,A61,A74,A101,A123,A143,A152,A173,1,A191,A201,male,0,0
203,4,12,902,4,4,21,1,A11,A32,A48,A61,A74,A101,A122,A143,A151,A173,1,A191,A201,male,1,1
204,5,12,1495,4,1,38,2,A14,A34,A40,A61,A75,A101,A121,A143,A152,A172,2,A191,A201,male,0,0
205,3,30,10623,3,4,38,3,A11,A34,A41,A61,A75,A101,A124,A143,A153,A174,2,A192,A201,male,0,0
206,3,12,1935,4,4,43,3,A14,A34,A42,A61,A75,A101,A121,A143,A152,A173,1,A192,A201,male,0,0
207,1,12,1424,4,3,26,1,A12,A34,A44,A61,A74,A101,A122,A143,A152,A173,1,A191,A201,male,0,0
208,5,24,6568,2,2,21,1,A11,A32,A49,A61,A73,A101,A123,A142,A152,A172,1,A191,A201,male,0,0
209,4,12,1413,3,2,55,1,A14,A32,A41,A64,A74,A101,A122,A143,A152,A173,1,A191,A202,male,0,0
210,4,9,3074,1,2,33,2,A14,A34,A43,A65,A73,A101,A121,A143,A152,A173,2,A191,A201,male,0,0
211,6,36,3835,2,4,45,1,A14,A32,A43,A65,A75,A101,A121,A143,A152,A172,1,A192,A201,female,0,0
212,6,27,5293,2,4,50,2,A11,A30,A49,A61,A71,A101,A122,A142,A152,A173,1,A192,A201,male,1,1
213,1,30,1908,4,4,66,1,A13,A33,A49,A61,A75,A101,A121,A143,A152,A174,1,A192,A201,male,1,1
214,2,36,3342,4,2,51,1,A14,A34,A43,A65,A75,A101,A123,A143,A152,A173,1,A192,A201,male,0,0
215,4,6,932,1,3,39,2,A12,A34,A48,A65,A74,A101,A122,A143,A152,A172,1,A191,A201,female,0,0
216,2,18,3104,3,1,31,1,A11,A30,A49,A61,A74,A101,A122,A141,A152,A173,1,A192,A201,male,0,0
217,6,36,3913,2,2,23,1,A13,A32,A43,A61,A73,A101,A121,A143,A152,A173,1,A192,A201,male,0,0
218,1,24,3021,2,2,24,1,A11,A32,A42,A61,A73,A101,A121,A143,A151,A172,1,A191,A201,male,0,0
219,1,10,1364,2,4,64,1,A14,A32,A40,A61,A73,A101,A123,A143,A152,A173,1,A192,A201,female,0,0
220,5,12,625,4,1,26,1,A12,A32,A43,A61,A72,A103,A121,A141,A152,A172,1,A191,A201,male,0,0
221,3,12,1200,4,4,23,1,A11,A32,A46,A65,A73,A101,A122,A141,A151,A173,1,A192,A201,female,0,0
222,2,12,707,4,2,30,2,A14,A32,A43,A61,A73,A101,A121,A141,A152,A173,1,A191,A201,male,0,0
223,1,24,2978,4,4,32,2,A14,A33,A49,A65,A73,A101,A121,A143,A152,A173,2,A192,A201,male,0,0
224,1,15,4657,3,2,30,1,A14,A32,A41,A61,A73,A101,A123,A143,A152,A173,1,A192,A201,male,0,0
225,1,36,2613,4,2,27,2,A14,A30,A45,A61,A73,A101,A123,A143,A152,A173,1,A191,A201,male,0,0
226,6,48,10961,1,2,27,2,A12,A32,A43,A64,A74,A102,A124,A141,A152,A173,1,A192,A201,male,1,1
227,2,12,7865,4,4,53,1,A11,A32,A42,A61,A75,A101,A124,A143,A153,A174,1,A192,A201,male,1,1
228,1,9,1478,4,2,22,1,A14,A32,A43,A61,A74,A101,A123,A143,A152,A173,1,A191,A201,male,1,1
229,6,24,3149,4,1,22,1,A11,A32,A42,A61,A72,A101,A124,A141,A153,A173,1,A191,A201,male,0,0
230,5,36,4210,4,2,26,1,A13,A32,A43,A61,A73,A101,A123,A143,A152,A173,1,A191,A201,male,1,1
231,4,9,2507,2,4,51,1,A14,A32,A40,A63,A75,A101,A124,A143,A153,A172,1,A191,A201,male,0,0
232,6,12,2141,3,1,35,1,A14,A32,A43,A62,A74,A101,A124,A143,A152,A173,1,A191,A201,male,0,0
233,6,18,866,4,2,25,1,A12,A32,A43,A61,A73,A103,A121,A143,A152,A172,1,A191,A201,male,0,0
234,2,4,1544,2,1,42,3,A14,A34,A43,A61,A74,A101,A121,A143,A152,A172,2,A191,A201,male,0,0
235,5,24,1823,4,2,30,1,A11,A32,A43,A61,A71,A101,A123,A142,A152,A174,2,A191,A201,male,1,1
236,1,6,14555,1,2,23,1,A12,A32,A40,A65,A71,A101,A122,A143,A152,A171,1,A192,A201,male,1,1
237,6,21,2767,4,2,61,2,A12,A32,A49,A62,A75,A101,A123,A141,A151,A172,1,A191,A201,male,1,1
238,2,12,1291,4,2,35,2,A14,A34,A43,A61,A73,A101,A122,A143,A152,A173,1,A191,A201,female,0,0
239,6,30,2522,1,3,39,1,A11,A32,A43,A61,A75,A103,A122,A143,A152,A173,2,A191,A201,male,0,0
240,3,24,915,4,2,29,1,A11,A32,A40,A65,A75,A101,A123,A141,A152,A173,1,A191,A201,female,1,1
241,4,6,1595,3,2,51,1,A14,A32,A43,A61,A74,A101,A122,A143,A152,A173,2,A191,A201,male,0,0
242,3,48,4605,3,4,24,2,A11,A30,A41,A61,A75,A101,A124,A143,A153,A173,2,A191,A201,male,1,1
243,1,12,1185,3,2,27,2,A14,A34,A49,A61,A73,A101,A121,A143,A152,A173,1,A191,A201,female,0,0
244,5,12,3447,4,3,35,1,A14,A31,A48,A63,A73,A101,A121,A143,A152,A172,2,A191,A201,female,0,0
245,3,24,1258,4,1,25,1,A14,A32,A49,A61,A74,A101,A121,A143,A152,A173,1,A192,A201,male,0,0
246,4,12,717,4,4,52,3,A14,A34,A43,A61,A75,A101,A121,A143,A152,A173,1,A191,A201,male,0,0
247,4,6,1204,4,1,35,1,A14,A30,A40,A62,A73,A101,A124,A141,A151,A173,1,A191,A202,male,0,0
248,1,24,1925,2,2,26,1,A13,A32,A42,A61,A73,A101,A121,A143,A152,A173,1,A191,A201,male,0,0
249,2,18,433,3,4,22,1,A14,A32,A43,A61,A71,A102,A121,A143,A151,A173,1,A191,A201,female,1,1
250,6,6,666,3,4,39,2,A11,A34,A40,A64,A74,A101,A121,A143,A152,A172,1,A192,A201,female,0,0
251,3,12,2251,1,2,46,1,A13,A32,A42,A61,A73,A101,A123,A143,A152,A172,1,A191,A201,female,0,0
252,1,30,2150,4,2,24,1,A12,A32,A40,A61,A73,A103,A124,A141,A152,A173,1,A191,A201,female,1,1
253,3,24,4151,2,3,35,2,A14,A33,A42,A62,A73,A101,A122,A143,A152,A173,1,A191,A201,male,0,0
254,2,9,2030,2,1,24,1,A12,A32,A42,A65,A74,A101,A123,A143,A152,A173,1,A192,A201,male,0,0
255,3,60,7418,1,1,27,1,A12,A33,A43,A65,A73,A101,A121,A143,A152,A172,1,A191,A201,male,0,0
256,5,24,2684,4,2,35,2,A14,A34,A43,A61,A73,A101,A121,A143,A152,A172,1,A191,A201,male,0,0
257,2,12,2149,4,1,29,1,A11,A31,A43,A61,A73,A101,A124,A143,A153,A173,1,A191,A201,male,1,1
258,6,15,3812,1,4,23,1,A14,A32,A41,A62,A72,A101,A123,A143,A152,A173,1,A192,A201,female,0,0
259,5,11,1154,4,4,57,3,A14,A34,A43,A62,A71,A101,A121,A143,A152,A172,1,A191,A201,female,0,0
260,2,12,1657,2,2,27,1,A11,A32,A42,A61,A73,A101,A121,A143,A152,A173,1,A191,A201,male,0,0
261,1,24,1603,4,4,55,1,A11,A32,A43,A61,A75,A101,A123,A143,A152,A173,1,A191,A201,female,0,0
262,6,18,5302,2,4,36,3,A11,A34,A40,A61,A75,A101,A124,A143,A153,A174,1,A192,A201,male,0,0
263,2,12,2748,2,4,57,3,A14,A34,A46,A61,A75,A101,A124,A141,A153,A172,1,A191,A201,female,0,0
264,5,10,1231,3,4,32,2,A14,A34,A40,A61,A75,A101,A121,A143,A152,A172,2,A191,A202,male,0,0
265,6,15,802,4,3,37,1,A12,A32,A43,A61,A75,A101,A123,A143,A152,A173,2,A191,A201,male,1,1
266,1,36,6304,4,4,36,2,A14,A34,A49,A65,A75,A101,A121,A143,A152,A173,1,A191,A201,male,0,0
267,6,24,1533,4,3,38,1,A14,A32,A43,A61,A72,A101,A123,A142,A152,A173,1,A192,A201,female,0,0
268,4,14,8978,1,4,45,1,A11,A32,A40,A61,A75,A101,A122,A143,A152,A174,1,A192,A202,male,1,1
269,2,24,999,4,2,25,2,A14,A32,A43,A65,A75,A101,A123,A143,A152,A173,1,A191,A201,male,0,0
270,4,18,2662,4,3,32,1,A14,A32,A40,A65,A74,A101,A122,A143,A152,A173,1,A191,A202,male,0,0
271,6,12,1402,3,4,37,1,A14,A34,A42,A63,A74,A101,A123,A143,A151,A173,1,A192,A201,female,0,0
272,4,48,12169,4,4,36,1,A12,A31,A40,A65,A71,A102,A124,A143,A153,A174,1,A192,A201,male,0,0
273,2,48,3060,4,4,28,2,A12,A32,A43,A61,A74,A101,A121,A143,A152,A173,1,A191,A201,male,1,1
274,6,30,11998,1,1,34,1,A11,A32,A45,A61,A72,A101,A124,A143,A152,A172,1,A192,A201,male,1,1
275,6,9,2697,1,2,32,1,A14,A32,A43,A61,A73,A101,A121,A143,A152,A173,2,A191,A201,male,0,0
276,6,18,2404,2,2,26,2,A14,A34,A43,A61,A73,A101,A123,A143,A152,A173,1,A191,A201,female,0,0
277,1,12,1262,2,4,49,1,A11,A32,A42,A65,A75,A101,A122,A143,A152,A172,1,A192,A201,male,0,0
278,1,6,4611,1,4,32,1,A14,A32,A42,A61,A72,A101,A122,A143,A152,A173,1,A191,A201,female,1,1
279,3,24,1901,4,4,29,1,A14,A32,A43,A62,A73,A101,A123,A143,A151,A174,1,A192,A201,male,0,0
280,4,15,3368,3,4,23,2,A14,A34,A41,A64,A75,A101,A124,A143,A151,A173,1,A192,A201,male,0,0
281,1,12,1574,4,2,50,1,A14,A32,A42,A61,A73,A101,A121,A143,A152,A173,1,A191,A201,male,0,0
282,4,18,1445,4,4,49,1,A13,A31,A43,A65,A74,A101,A123,A141,A152,A172,1,A191,A201,male,0,0
283,6,15,1520,4,4,63,1,A14,A34,A42,A65,A75,A101,A122,A143,A152,A173,1,A191,A201,male,0,0
284,1,24,3878,4,2,37,1,A12,A34,A40,A62,A72,A101,A123,A143,A152,A173,1,A192,A201,male,0,0
285,6,47,10722,1,1,35,1,A11,A32,A40,A61,A72,A101,A121,A143,A152,A172,1,A192,A201,female,0,0
286,2,48,4788,4,3,26,1,A11,A32,A41,A61,A74,A101,A122,A143,A152,A173,2,A191,A201,male,0,0
287,4,48,7582,2,4,31,1,A12,A33,A410,A62,A71,A101,A124,A143,A153,A174,1,A192,A201,male,0,0
288,5,12,1092,4,4,49,2,A12,A32,A43,A61,A73,A103,A121,A143,A152,A173,1,A192,A201,female,0,0
289,5,24,1024,4,4,48,1,A11,A33,A43,A61,A72,A101,A121,A142,A152,A173,1,A191,A201,male,1,1
290,4,12,1076,2,2,26,1,A14,A32,A49,A61,A73,A101,A121,A143,A152,A173,1,A192,A202,male,0,0
291,6,36,9398,1,4,28,1,A12,A32,A41,A61,A72,A101,A123,A143,A151,A174,1,A192,A201,male,1,1
292,3,24,6419,2,4,44,2,A11,A34,A41,A61,A75,A101,A124,A143,A153,A174,2,A192,A201,female,0,0
293,1,42,4796,4,4,56,1,A13,A34,A41,A61,A75,A101,A124,A143,A153,A173,1,A191,A201,male,0,0
294,1,48,7629,4,2,46,2,A14,A34,A49,A65,A75,A101,A123,A141,A152,A174,2,A191,A201,male,0,0
295,5,48,9960,1,2,26,1,A12,A32,A42,A61,A72,A101,A123,A143,A152,A173,1,A192,A201,female,1,1
296,6,12,4675,1,4,20,1,A14,A32,A41,A65,A72,A101,A123,A143,A151,A173,1,A191,A201,female,0,0
297,3,10,1287,4,2,45,1,A14,A32,A40,A65,A75,A102,A122,A143,A152,A172,1,A191,A202,male,0,0
298,5,18,2515,3,4,43,1,A14,A32,A42,A61,A73,A101,A121,A143,A152,A173,1,A192,A201,male,0,0
299,6,21,2745,3,2,32,2,A12,A34,A42,A64,A74,A101,A123,A143,A152,A173,1,A192,A201,male,0,0
300,4,6,672,1,4,54,1,A14,A32,A40,A61,A71,A101,A121,A143,A152,A171,1,A192,A201,female,0,0
301,1,36,3804,4,1,42,1,A12,A30,A43,A61,A73,A101,A123,A143,A152,A173,1,A192,A201,female,1,1
302,2,24,1344,4,2,37,2,A13,A34,A40,A65,A74,A101,A121,A141,A152,A172,2,A191,A201,male,1,1
303,4,10,1038,4,3,49,2,A11,A34,A40,A61,A74,A102,A122,A143,A152,A173,1,A192,A201,male,0,0
304,4,48,10127,2,2,44,1,A14,A34,A40,A63,A73,A101,A124,A141,A153,A173,1,A191,A201,male,1,1
305,4,6,1543,4,2,33,1,A14,A32,A42,A64,A73,A101,A121,A143,A152,A173,1,A191,A201,male,0,0
306,5,30,4811,2,4,24,1,A14,A32,A41,A65,A74,A101,A122,A142,A151,A172,1,A191,A201,female,0,0
307,3,12,727,4,3,33,1,A11,A32,A43,A62,A72,A101,A124,A143,A152,A172,1,A192,A201,male,1,1
308,3,8,1237,3,4,24,1,A12,A32,A42,A61,A73,A101,A121,A143,A152,A173,1,A191,A201,female,1,1
309,4,9,276,4,4,22,1,A12,A32,A40,A61,A73,A101,A121,A143,A151,A172,1,A191,A201,male,0,0
310,6,48,5381,3,4,40,1,A12,A32,A410,A65,A71,A101,A124,A141,A153,A171,1,A192,A201,male,0,0
311,1,24,5511,4,1,25,1,A14,A32,A42,A62,A73,A101,A123,A142,A152,A173,1,A191,A201,male,0,0
312,3,24,3749,2,4,26,1,A13,A32,A42,A61,A72,A101,A123,A143,A152,A173,1,A191,A201,female,0,0
313,3,12,685,2,3,25,1,A12,A32,A40,A61,A74,A101,A123,A141,A152,A172,1,A191,A201,male,1,1
314,2,4,1494,1,2,29,1,A13,A32,A40,A65,A72,A101,A121,A143,A152,A172,2,A191,A202,male,0,0
315,5,36,2746,4,4,31,1,A11,A31,A42,A61,A75,A101,A123,A141,A152,A173,1,A191,A201,male,1,1
316,1,12,708,2,3,38,1,A11,A32,A42,A61,A73,A103,A122,A143,A152,A172,2,A191,A201,male,0,0
317,6,24,4351,1,4,48,1,A12,A32,A42,A65,A73,A101,A122,A143,A152,A172,1,A192,A201,female,0,0
318,1,12,701,4,2,32,2,A14,A34,A46,A61,A73,A101,A123,A143,A152,A173,1,A191,A201,male,0,0
319,4,15,3643,1,4,27,2,A11,A33,A42,A61,A75,A101,A122,A143,A152,A172,1,A191,A201,female,0,0
320,4,30,4249,4,2,28,2,A12,A34,A40,A61,A71,A101,A123,A143,A152,A174,1,A191,A201,male,1,1
321,1,24,1938,4,3,32,1,A11,A32,A43,A61,A72,A101,A122,A143,A152,A173,1,A191,A201,male,1,1
322,3,24,2910,2,1,34,1,A11,A32,A41,A61,A74,A101,A124,A143,A153,A174,1,A192,A201,male,0,0
323,3,18,2659,4,2,28,1,A11,A32,A42,A64,A73,A101,A123,A143,A152,A173,1,A191,A201,male,0,0
324,3,18,1028,4,3,36,2,A14,A34,A40,A61,A73,A101,A121,A143,A152,A173,1,A191,A201,female,0,0
325,4,8,3398,1,4,39,2,A11,A34,A40,A61,A74,A101,A121,A143,A152,A172,1,A191,A202,male,0,0
326,5,12,5801,2,4,49,1,A14,A34,A42,A65,A75,A101,A122,A143,A151,A173,1,A192,A201,male,0,0
327,5,24,1525,4,3,34,1,A14,A32,A40,A64,A74,A101,A123,A143,A152,A173,2,A192,A201,female,0,0
328,1,36,4473,4,2,31,1,A13,A32,A43,A61,A75,A101,A123,A143,A152,A173,1,A191,A201,male,0,0
329,1,6,1068,4,4,28,1,A12,A32,A43,A61,A75,A101,A123,A143,A152,A173,2,A191,A201,male,0,0
330,6,24,6615,2,4,75,2,A11,A34,A41,A61,A71,A101,A124,A143,A153,A174,1,A192,A201,male,0,0
331,5,18,1864,4,2,30,2,A14,A34,A46,A62,A73,A101,A121,A143,A152,A173,1,A191,A201,female,1,1
332,2,60,7408,4,2,24,1,A12,A32,A40,A62,A72,A101,A122,A143,A152,A174,1,A191,A201,female,1,1
333,5,48,11590,2,4,24,2,A14,A34,A41,A62,A73,A101,A123,A141,A151,A172,1,A191,A201,female,1,1
334,5,24,4110,3,4,23,2,A11,A30,A42,A61,A75,A101,A124,A141,A151,A173,2,A191,A201,male,1,1
335,2,6,3384,1,4,44,1,A11,A34,A42,A61,A73,A101,A121,A143,A151,A174,1,A192,A201,male,1,1
336,2,13,2101,2,4,23,1,A12,A32,A43,A61,A72,A103,A122,A143,A152,A172,1,A191,A201,female,0,0
337,3,15,1275,4,2,24,1,A11,A32,A44,A65,A73,A101,A123,A143,A151,A173,1,A191,A201,female,1,1
338,5,24,4169,4,4,28,1,A11,A32,A42,A61,A73,A101,A122,A143,A152,A173,1,A191,A201,male,0,0
339,3,10,1521,4,2,31,1,A12,A32,A42,A61,A73,A101,A123,A143,A152,A172,1,A191,A201,male,0,0
340,6,24,5743,2,4,24,2,A12,A34,A46,A61,A72,A101,A124,A143,A153,A173,1,A192,A201,female,0,0
341,3,21,3599,1,4,26,1,A11,A32,A42,A61,A74,A101,A123,A143,A151,A172,1,A191,A201,female,0,0
342,4,18,3213,1,3,25,1,A12,A32,A43,A63,A72,A101,A121,A143,A151,A173,1,A191,A201,male,0,0
343,1,18,4439,1,1,33,1,A12,A32,A49,A61,A75,A102,A121,A141,A152,A174,1,A192,A201,male,0,0
344,3,10,3949,1,1,37,1,A13,A32,A40,A61,A72,A103,A122,A143,A152,A172,2,A191,A201,male,0,0
345,6,15,1459,4,2,43,1,A14,A34,A43,A61,A73,A101,A123,A143,A152,A172,1,A191,A201,female,0,0
346,2,13,882,4,4,23,2,A12,A34,A43,A61,A72,A103,A121,A143,A152,A173,1,A191,A201,male,0,0
347,5,24,3758,1,4,23,1,A12,A32,A43,A63,A71,A101,A124,A143,A151,A171,1,A191,A201,female,0,0
348,3,6,1743,1,2,34,2,A14,A33,A49,A62,A73,A101,A121,A143,A152,A172,1,A191,A201,male,0,0
349,6,9,1136,4,3,32,2,A12,A34,A46,A64,A75,A101,A124,A143,A153,A173,2,A191,A201,male,1,1
350,4,9,1236,1,4,23,1,A14,A32,A44,A61,A72,A101,A121,A143,A151,A173,1,A192,A201,female,0,0
351,5,9,959,1,2,29,1,A12,A32,A42,A61,A73,A101,A123,A143,A152,A173,1,A191,A202,female,1,1
352,4,18,3229,2,4,38,1,A14,A34,A41,A65,A71,A101,A124,A143,A152,A174,1,A192,A201,male,0,0
353,1,12,6199,4,2,28,2,A11,A30,A43,A61,A73,A101,A122,A143,A151,A173,1,A192,A201,male,1,1
354,4,10,727,4,4,46,1,A14,A32,A46,A63,A75,A101,A124,A143,A153,A173,1,A192,A201,male,0,0
355,2,24,1246,4,2,23,1,A12,A32,A40,A61,A72,A101,A121,A142,A152,A172,1,A191,A201,male,1,1
356,4,12,2331,1,4,49,1,A14,A34,A43,A65,A75,A102,A121,A143,A152,A173,1,A192,A201,male,0,0
357,1,36,4463,4,2,26,2,A14,A33,A43,A61,A73,A101,A123,A143,A152,A174,1,A192,A201,male,1,1
358,4,12,776,4,2,28,1,A14,A32,A43,A61,A73,A101,A121,A143,A152,A173,1,A191,A201,male,0,0
359,3,30,2406,4,4,23,1,A11,A32,A42,A61,A74,A101,A121,A143,A151,A173,1,A191,A201,female,1,1
360,5,18,1239,4,4,61,1,A12,A32,A46,A65,A73,A101,A124,A143,A153,A173,1,A191,A201,male,0,0
361,5,12,3399,2,3,37,1,A13,A32,A43,A65,A75,A101,A123,A143,A152,A174,1,A191,A201,male,0,0
362,3,12,2247,2,2,36,2,A13,A33,A40,A61,A73,A101,A123,A142,A152,A173,1,A192,A201,female,0,0
363,6,6,1766,1,2,21,1,A14,A32,A42,A61,A73,A101,A122,A143,A151,A173,1,A191,A201,male,0,0
364,2,18,2473,4,1,25,1,A11,A32,A42,A61,A71,A101,A123,A143,A152,A171,1,A191,A201,male,1,1
365,5,12,1542,2,4,36,1,A14,A32,A49,A61,A74,A101,A123,A143,A152,A173,1,A192,A201,male,0,0
366,6,18,3850,3,1,27,2,A14,A34,A41,A61,A74,A101,A123,A143,A152,A173,1,A191,A201,male,0,0
367,4,18,3650,1,4,22,1,A11,A32,A42,A61,A72,A101,A123,A143,A151,A173,1,A191,A201,female,0,0
368,4,36,3446,4,2,42,1,A11,A32,A42,A61,A75,A101,A123,A143,A152,A173,2,A191,A201,male,1,1
369,3,18,3001,2,4,40,1,A12,A32,A42,A61,A74,A101,A121,A143,A151,A173,1,A191,A201,female,0,0
370,1,36,3079,4,4,36,1,A14,A32,A40,A65,A73,A101,A121,A143,A152,A173,1,A191,A201,male,0,0
371,5,18,6070,3,4,33,2,A14,A34,A43,A61,A75,A101,A123,A143,A152,A173,1,A192,A201,male,0,0
372,2,10,2146,1,3,23,2,A14,A34,A42,A61,A72,A101,A121,A143,A151,A173,1,A191,A201,female,0,0
373,4,60,13756,2,4,63,1,A14,A34,A40,A65,A75,A101,A124,A141,A153,A174,1,A192,A201,male,0,0
374,2,60,14782,3,4,60,2,A12,A31,A410,A62,A75,A101,A124,A141,A153,A174,1,A192,A201,female,1,1
375,6,48,7685,2,4,37,1,A11,A31,A49,A61,A74,A103,A123,A143,A151,A173,1,A191,A201,female,1,1
376,6,18,2320,2,3,34,2,A14,A33,A43,A61,A71,A101,A121,A143,A152,A173,1,A191,A201,male,0,0
377,2,7,846,3,4,36,1,A14,A33,A43,A65,A75,A101,A124,A143,A153,A173,1,A191,A201,male,0,0
378,5,36,14318,4,2,57,1,A12,A32,A40,A61,A75,A101,A124,A143,A153,A174,1,A192,A201,male,1,1
379,4,6,362,4,4,52,2,A14,A34,A40,A62,A73,A101,A123,A143,A152,A172,1,A191,A201,female,0,0
380,2,20,2212,4,4,39,1,A11,A32,A42,A65,A74,A101,A123,A143,A152,A173,1,A192,A201,male,0,0
381,4,18,12976,3,4,38,1,A12,A32,A41,A61,A71,A101,A124,A143,A153,A174,1,A192,A201,female,1,1
382,3,22,1283,4,4,25,1,A14,A32,A40,A65,A74,A101,A122,A143,A151,A173,1,A191,A201,female,0,0
383,6,12,1330,4,1,26,1,A13,A32,A40,A61,A72,A101,A121,A143,A152,A173,1,A191,A201,male,0,0
384,2,30,4272,2,2,26,2,A14,A33,A49,A62,A73,A101,A122,A143,A152,A172,1,A191,A201,male,0,0
385,6,18,2238,2,1,25,2,A14,A34,A43,A61,A73,A101,A123,A143,A152,A173,1,A191,A201,female,0,0
386,5,18,1126,4,2,21,1,A14,A32,A43,A65,A72,A101,A121,A143,A151,A173,1,A192,A201,female,0,0
387,6,18,7374,4,4,40,2,A12,A34,A42,A61,A71,A101,A122,A142,A152,A174,1,A192,A201,male,0,0
388,5,15,2326,2,4,27,1,A12,A34,A49,A63,A73,A101,A123,A141,A152,A173,1,A191,A201,male,0,0
389,4,9,1449,3,2,27,2,A14,A32,A49,A61,A74,A101,A123,A143,A152,A173,1,A191,A201,female,0,0
390,4,18,1820,2,2,30,1,A14,A32,A40,A61,A73,A101,A122,A143,A152,A174,1,A192,A201,male,0,0
391,4,12,983,1,4,19,1,A12,A32,A42,A64,A72,A101,A121,A143,A151,A172,1,A191,A201,female,0,0
392,2,36,3249,2,4,39,1,A11,A32,A40,A61,A74,A101,A124,A141,A153,A174,2,A192,A201,male,0,0
393,6,6,1957,1,4,31,1,A11,A34,A43,A61,A74,A101,A123,A143,A152,A173,1,A191,A201,female,0,0
394,1,9,2406,2,3,31,1,A14,A34,A42,A61,A71,A101,A123,A143,A152,A174,1,A191,A201,male,0,0
395,3,39,11760,2,3,32,1,A12,A33,A46,A62,A74,A101,A124,A143,A151,A173,1,A192,A201,male,0,0
396,6,12,2578,3,4,55,1,A11,A32,A42,A61,A71,A101,A124,A143,A153,A174,1,A191,A201,female,0,0
397,6,36,2348,3,2,46,2,A11,A34,A42,A61,A73,A101,A122,A143,A152,A173,1,A192,A201,male,0,0
398,2,12,1223,1,1,46,2,A12,A32,A40,A61,A75,A101,A121,A143,A151,A173,1,A191,A201,male,1,1
399,5,24,1516,4,1,43,2,A14,A34,A43,A64,A73,A101,A121,A143,A152,A172,1,A191,A201,female,0,0
400,5,18,1473,3,4,39,1,A14,A32,A43,A61,A72,A101,A121,A143,A152,A173,1,A192,A201,male,0,0
401,3,18,1887,4,4,28,2,A12,A34,A49,A65,A73,A101,A121,A141,A152,A173,1,A191,A201,male,0,0
402,6,24,8648,2,2,27,2,A14,A33,A49,A61,A72,A101,A123,A141,A152,A173,1,A192,A201,male,1,1
403,2,14,802,4,2,27,2,A14,A33,A40,A61,A73,A101,A123,A143,A152,A172,1,A191,A201,male,0,0
404,2,18,2899,4,4,43,1,A12,A33,A40,A65,A75,A101,A123,A143,A152,A173,2,A191,A201,male,0,0
405,5,24,2039,1,1,22,1,A12,A32,A43,A61,A72,A101,A122,A143,A152,A173,1,A192,A201,male,1,1
406,5,24,2197,4,4,43,2,A14,A34,A41,A65,A74,A101,A123,A143,A152,A173,2,A192,A201,male,0,0
407,5,15,1053,4,2,27,1,A11,A32,A43,A61,A72,A101,A121,A143,A152,A173,1,A191,A202,male,0,0
408,1,24,3235,3,2,26,1,A14,A32,A43,A63,A75,A101,A123,A143,A152,A174,1,A192,A201,male,0,0
409,4,12,939,4,2,28,3,A13,A34,A40,A63,A74,A101,A121,A143,A152,A173,1,A192,A201,male,1,1
410,4,24,1967,4,4,20,1,A12,A32,A43,A61,A75,A101,A123,A143,A152,A173,1,A192,A201,female,0,0
411,3,33,7253,3,2,35,2,A14,A34,A41,A61,A74,A101,A123,A143,A152,A174,1,A192,A201,male,0,0
412,6,12,2292,4,2,42,2,A14,A34,A49,A61,A71,A101,A123,A142,A152,A174,1,A192,A201,male,1,1
413,2,10,1597,3,2,40,1,A14,A32,A40,A63,A73,A101,A124,A143,A151,A172,2,A191,A202,male,0,0
414,4,24,1381,4,2,35,1,A11,A32,A40,A65,A73,A101,A122,A143,A152,A173,1,A191,A201,female,1,1
415,4,36,5842,2,2,35,2,A14,A34,A41,A61,A75,A101,A122,A143,A152,A173,2,A192,A201,male,0,0
416,5,12,2579,4,1,33,1,A11,A32,A40,A61,A72,A101,A121,A143,A152,A172,2,A191,A201,male,1,1
417,5,18,8471,1,2,23,2,A11,A33,A46,A65,A73,A101,A123,A143,A151,A173,1,A192,A201,female,0,0
418,2,21,2782,1,2,31,1,A14,A32,A40,A63,A74,A101,A123,A141,A152,A174,1,A191,A201,female,0,0
419,3,18,1042,4,2,33,1,A12,A32,A40,A65,A73,A101,A122,A143,A152,A173,1,A191,A201,female,1,1
420,5,15,3186,2,3,20,1,A14,A32,A40,A64,A74,A101,A123,A143,A151,A173,1,A191,A201,female,0,0
421,5,12,2028,4,2,30,1,A12,A32,A41,A65,A73,A101,A123,A143,A152,A173,1,A191,A201,male,0,0
422,6,12,958,2,3,47,2,A12,A34,A40,A61,A74,A101,A121,A143,A152,A172,2,A191,A201,male,0,0
423,2,21,1591,4,3,34,2,A14,A33,A42,A62,A74,A101,A121,A143,A152,A174,1,A191,A201,male,0,0
424,6,12,2762,1,2,25,1,A12,A32,A42,A65,A75,A101,A122,A141,A152,A173,1,A192,A201,female,1,1
425,5,18,2779,1,3,21,1,A12,A32,A41,A61,A73,A101,A123,A143,A151,A173,1,A192,A201,male,0,0
426,6,28,2743,4,2,29,2,A14,A34,A43,A61,A75,A101,A123,A143,A152,A173,1,A191,A201,male,0,0
427,6,18,1149,4,3,46,2,A14,A34,A43,A64,A73,A101,A121,A143,A152,A173,1,A191,A201,male,0,0
428,6,9,1313,1,4,20,1,A14,A32,A42,A61,A75,A101,A123,A143,A152,A173,1,A191,A201,male,0,0
429,6,18,1190,2,4,55,3,A11,A34,A45,A61,A71,A101,A124,A143,A153,A171,2,A191,A201,female,1,1
430,2,5,3448,1,4,74,1,A14,A32,A49,A61,A74,A101,A121,A143,A152,A172,1,A191,A201,male,0,0
431,3,24,11328,2,3,29,2,A12,A32,A410,A61,A73,A102,A123,A141,A152,A174,1,A192,A201,male,1,1
432,4,6,1872,4,4,36,3,A11,A34,A42,A61,A71,A101,A124,A143,A153,A174,1,A192,A201,male,0,0
433,1,24,2058,4,2,33,2,A14,A34,A45,A61,A73,A101,A121,A143,A152,A173,1,A192,A201,male,0,0
434,4,9,2136,3,2,25,1,A11,A32,A42,A61,A73,A101,A121,A143,A152,A173,1,A191,A201,male,0,0
435,5,12,1484,2,1,25,1,A12,A32,A43,A65,A73,A101,A121,A143,A152,A173,1,A192,A201,male,1,1
436,6,6,660,2,4,23,1,A14,A32,A45,A63,A74,A101,A121,A143,A151,A172,1,A191,A201,male,0,0
437,3,24,1287,4,4,37,2,A14,A34,A40,A64,A75,A101,A121,A143,A152,A173,1,A192,A201,female,0,0
438,5,42,3394,4,4,65,2,A11,A34,A45,A61,A71,A102,A123,A143,A152,A171,1,A191,A201,male,0,0
439,5,12,609,4,1,26,1,A13,A31,A49,A61,A72,A101,A121,A143,A152,A171,1,A191,A201,female,1,1
440,4,12,1884,4,4,39,1,A14,A32,A40,A61,A75,A101,A123,A143,A152,A174,1,A192,A201,male,0,0
441,6,12,1620,2,3,30,1,A11,A32,A42,A61,A73,A102,A122,A143,A152,A173,1,A191,A201,female,0,0
442,5,20,2629,2,3,29,2,A12,A33,A410,A61,A73,A101,A123,A141,A152,A173,1,A192,A201,male,0,0
443,6,12,719,4,4,41,1,A14,A32,A46,A61,A75,A101,A123,A141,A152,A172,2,A191,A201,male,1,1
444,6,48,5096,2,3,30,1,A12,A34,A42,A61,A73,A101,A123,A143,A152,A174,1,A192,A201,female,1,1
445,4,9,1244,4,4,41,2,A14,A34,A46,A65,A75,A101,A122,A143,A151,A172,1,A191,A201,female,0,0
446,2,36,1842,4,4,34,1,A11,A32,A40,A61,A72,A101,A123,A143,A152,A173,1,A192,A201,female,1,1
447,6,7,2576,2,2,35,1,A12,A32,A43,A61,A73,A103,A121,A143,A152,A173,1,A191,A201,male,0,0
448,4,12,1424,3,4,55,1,A13,A32,A42,A65,A75,A101,A121,A143,A152,A174,1,A192,A201,female,0,0
449,2,15,1512,3,3,61,2,A12,A33,A45,A64,A73,A101,A122,A142,A152,A173,1,A191,A201,male,1,1
450,5,36,11054,4,2,30,1,A14,A34,A41,A65,A73,A101,A123,A143,A152,A174,1,A192,A201,male,0,0
451,2,6,518,3,1,29,1,A14,A32,A43,A61,A73,A101,A121,A143,A152,A173,1,A191,A201,female,0,0
452,2,12,2759,2,4,34,2,A14,A30,A42,A61,A75,A101,A122,A143,A152,A173,1,A191,A201,male,0,0
453,3,24,2670,4,4,35,1,A14,A32,A41,A61,A75,A101,A123,A143,A152,A174,1,A192,A201,male,0,0
454,6,24,4817,2,3,31,1,A11,A32,A40,A61,A74,A102,A122,A143,A152,A173,1,A192,A201,male,1,1
455,6,24,2679,4,1,29,1,A14,A32,A41,A61,A72,A101,A124,A143,A152,A174,1,A192,A201,female,0,0
456,2,11,3905,2,2,36,2,A11,A34,A40,A61,A73,A101,A121,A143,A151,A173,2,A191,A201,male,0,1
457,4,12,3386,3,4,35,1,A11,A32,A41,A61,A75,A101,A124,A143,A153,A173,1,A192,A201,male,1,1
458,3,6,343,4,1,27,1,A11,A32,A44,A61,A72,A101,A121,A143,A152,A173,1,A191,A201,female,0,0
459,2,18,4594,3,2,32,1,A14,A32,A43,A61,A72,A101,A123,A143,A152,A173,1,A192,A201,male,0,0
460,1,36,3620,1,2,37,1,A11,A32,A42,A61,A73,A103,A122,A143,A152,A173,2,A191,A201,male,0,0
461,2,15,1721,2,3,36,1,A11,A32,A40,A61,A72,A101,A121,A143,A152,A173,1,A191,A201,male,0,0
462,4,12,3017,3,1,34,1,A12,A32,A42,A61,A72,A101,A121,A143,A151,A174,1,A191,A201,female,0,0
463,4,12,754,4,4,38,2,A12,A32,A48,A65,A75,A101,A122,A143,A152,A173,1,A191,A201,male,0,0
464,1,18,1950,4,1,34,2,A14,A32,A49,A61,A74,A101,A123,A142,A152,A173,1,A192,A201,male,0,0
465,4,24,2924,3,4,63,1,A11,A32,A41,A61,A73,A103,A124,A141,A152,A173,2,A192,A201,male,0,0
466,5,24,1659,4,2,29,1,A11,A33,A43,A61,A72,A101,A123,A143,A151,A172,1,A192,A201,female,1,1
467,3,48,7238,3,3,32,2,A14,A33,A43,A65,A75,A101,A123,A141,A152,A173,2,A191,A201,male,0,0
468,2,33,2764,2,2,26,2,A14,A33,A49,A61,A73,A101,A123,A143,A152,A173,1,A192,A201,female,0,0
469,5,24,4679,3,3,35,2,A14,A33,A41,A61,A74,A101,A123,A143,A152,A172,1,A192,A201,male,0,0
470,2,24,3092,3,2,22,1,A12,A32,A43,A62,A72,A101,A123,A143,A151,A173,1,A192,A201,male,1,1
471,2,6,448,4,4,23,1,A11,A32,A46,A61,A72,A101,A122,A143,A152,A173,1,A191,A201,female,1,1
472,5,9,654,4,3,28,1,A11,A32,A40,A61,A73,A101,A123,A143,A152,A172,1,A191,A201,male,1,1
473,4,6,1238,4,4,36,1,A14,A32,A48,A65,A71,A101,A122,A143,A152,A174,2,A192,A201,male,0,0
474,6,18,1245,4,2,33,1,A12,A34,A43,A61,A73,A101,A123,A143,A152,A173,1,A191,A201,male,1,1
475,6,18,3114,1,4,26,1,A11,A30,A42,A61,A72,A101,A122,A143,A151,A173,1,A191,A201,female,1,1
476,3,39,2569,4,4,24,1,A14,A32,A41,A63,A73,A101,A123,A143,A152,A173,1,A191,A201,male,0,0
477,5,24,5152,4,2,25,1,A13,A32,A43,A61,A74,A101,A123,A141,A152,A173,1,A191,A201,male,0,0
478,4,12,1037,3,4,39,1,A12,A32,A49,A62,A74,A101,A121,A143,A152,A172,1,A191,A201,male,0,0
479,6,15,1478,4,4,44,2,A11,A34,A42,A61,A75,A101,A123,A143,A152,A173,2,A192,A201,male,0,0
480,6,12,3573,1,1,23,1,A12,A34,A43,A61,A73,A101,A121,A143,A152,A172,1,A191,A201,female,0,0
481,1,24,1201,4,1,26,1,A12,A32,A40,A61,A72,A101,A122,A143,A152,A173,1,A191,A201,male,0,0
482,6,30,3622,4,4,57,2,A11,A32,A42,A64,A75,A101,A122,A143,A151,A173,1,A192,A201,female,0,0
483,5,15,960,3,2,30,2,A14,A33,A42,A64,A74,A101,A122,A143,A152,A173,1,A191,A201,female,0,0
484,6,12,1163,4,4,44,1,A14,A34,A40,A63,A73,A101,A121,A143,A152,A173,1,A192,A201,male,0,0
485,2,6,1209,4,4,47,1,A12,A33,A40,A61,A71,A101,A122,A143,A152,A174,1,A192,A201,male,1,1
486,3,12,3077,2,4,52,1,A14,A32,A43,A61,A73,A101,A123,A143,A152,A173,1,A192,A201,male,0,0
487,5,24,3757,4,4,62,1,A14,A32,A40,A61,A75,A102,A124,A143,A153,A173,1,A192,A201,female,0,0
488,2,10,1418,3,2,35,1,A14,A32,A40,A62,A73,A101,A121,A143,A151,A172,1,A191,A202,male,0,0
489,2,6,3518,2,3,26,1,A14,A32,A40,A61,A73,A103,A122,A143,A151,A173,1,A191,A201,male,0,0
490,4,12,1934,2,2,26,2,A14,A34,A43,A61,A75,A101,A124,A143,A152,A173,1,A191,A201,male,0,0
491,6,27,8318,2,4,42,2,A12,A30,A49,A61,A75,A101,A124,A143,A153,A174,1,A192,A201,female,1,1
492,4,6,1237,1,1,27,2,A14,A34,A43,A62,A73,A101,A122,A143,A152,A173,1,A191,A201,female,0,0
493,4,6,368,4,4,38,1,A12,A32,A43,A65,A75,A101,A122,A143,A152,A173,1,A191,A201,male,0,0
494,2,12,2122,3,2,39,2,A11,A34,A40,A61,A73,A101,A121,A143,A151,A172,2,A191,A202,male,0,0
495,2,24,2996,2,4,20,1,A11,A32,A42,A65,A73,A101,A123,A143,A152,A173,1,A191,A201,male,1,1
496,4,36,9034,4,1,29,1,A12,A32,A42,A62,A72,A102,A124,A143,A151,A174,1,A192,A201,male,1,1
497,5,24,1585,4,3,40,2,A14,A34,A42,A61,A74,A101,A122,A143,A152,A173,1,A191,A201,male,0,0
498,5,18,1301,4,2,32,1,A12,A32,A43,A61,A75,A103,A121,A143,A152,A172,1,A191,A201,male,0,0
499,1,6,1323,2,4,28,2,A13,A34,A40,A62,A75,A101,A123,A143,A152,A173,2,A192,A201,male,0,0
500,1,24,3123,4,1,27,1,A11,A32,A40,A61,A72,A101,A122,A143,A152,A173,1,A191,A201,female,1,1
501,5,36,5493,2,4,42,1,A11,A32,A41,A61,A75,A101,A124,A143,A153,A173,2,A191,A201,male,0,0
502,6,9,1126,2,4,49,1,A13,A32,A43,A62,A75,A101,A121,A143,A152,A173,1,A191,A201,male,0,0
503,4,24,1216,4,4,38,2,A12,A34,A43,A62,A72,A101,A124,A141,A152,A173,2,A191,A201,male,1,1
504,5,24,1207,4,4,24,1,A11,A32,A40,A61,A72,A101,A122,A143,A151,A173,1,A191,A201,female,1,1
505,6,10,1309,4,4,27,1,A14,A32,A40,A65,A73,A103,A122,A143,A152,A172,1,A191,A201,male,1,1
506,1,15,2360,2,2,36,1,A13,A34,A41,A63,A73,A101,A123,A143,A152,A173,1,A192,A201,male,0,0
507,6,15,6850,1,2,34,1,A12,A31,A40,A62,A71,A101,A122,A143,A152,A174,2,A192,A201,male,1,1
508,4,24,1413,4,2,28,1,A14,A32,A43,A61,A73,A101,A122,A143,A152,A173,1,A191,A201,male,0,0
509,6,39,8588,4,2,45,1,A14,A32,A41,A62,A75,A101,A123,A143,A152,A174,1,A192,A201,male,0,0
510,6,12,759,4,2,26,1,A11,A32,A40,A61,A74,A101,A121,A143,A152,A173,1,A191,A201,male,1,1
511,5,36,4686,2,2,32,1,A14,A32,A41,A61,A73,A101,A124,A143,A153,A174,1,A192,A201,male,0,0
512,6,15,2687,2,4,26,1,A13,A32,A49,A61,A74,A101,A122,A143,A151,A173,1,A192,A201,male,0,0
513,3,12,585,4,4,20,2,A12,A33,A43,A61,A73,A102,A121,A143,A151,A173,1,A191,A201,male,0,0
514,1,24,2255,4,1,54,1,A14,A32,A40,A65,A72,A101,A122,A143,A152,A173,1,A191,A201,male,0,0
515,6,6,609,4,3,37,2,A11,A34,A40,A61,A74,A101,A122,A143,A152,A173,1,A191,A202,female,0,0
516,2,6,1361,2,4,40,1,A11,A34,A40,A61,A72,A101,A121,A143,A152,A172,2,A191,A202,male,0,0
517,6,36,7127,2,4,23,2,A14,A34,A42,A61,A72,A101,A122,A143,A151,A173,1,A192,A201,female,1,1
518,3,6,1203,3,2,43,1,A11,A32,A40,A62,A75,A101,A122,A143,A152,A173,1,A192,A201,male,0,0
519,5,6,700,4,4,36,2,A14,A34,A43,A65,A75,A101,A124,A143,A153,A173,1,A191,A201,male,0,0
520,5,24,5507,3,4,44,2,A14,A34,A45,A61,A75,A101,A124,A143,A153,A173,1,A191,A201,male,0,0
521,6,18,3190,2,2,24,1,A11,A32,A43,A61,A73,A101,A121,A143,A152,A173,1,A191,A201,female,1,1
522,2,48,7119,3,4,53,2,A11,A30,A42,A61,A73,A101,A124,A143,A153,A173,2,A191,A201,male,1,1
523,4,24,3488,3,4,23,1,A14,A32,A41,A62,A74,A101,A123,A143,A152,A173,1,A191,A201,female,0,0
524,4,18,1113,4,4,26,1,A12,A32,A43,A61,A73,A103,A121,A143,A152,A172,2,A191,A201,female,0,0
525,3,26,7966,2,3,30,2,A12,A32,A41,A61,A72,A101,A123,A143,A152,A173,1,A191,A201,male,0,0
526,2,15,1532,4,3,31,1,A14,A34,A46,A62,A73,A101,A123,A143,A152,A173,1,A191,A201,female,0,0
527,3,4,1503,2,1,42,2,A14,A34,A43,A61,A74,A101,A121,A143,A152,A172,2,A191,A201,male,0,0
528,4,36,2302,4,4,31,1,A11,A32,A43,A61,A73,A101,A123,A143,A151,A173,1,A191,A201,male,1,1
529,6,6,662,3,4,41,1,A11,A32,A40,A61,A72,A101,A121,A143,A152,A172,2,A192,A201,male,0,0
530,4,36,2273,3,1,32,2,A12,A32,A46,A61,A74,A101,A123,A143,A152,A173,2,A191,A201,male,0,0
531,2,15,2631,2,4,28,2,A12,A32,A40,A62,A73,A101,A123,A143,A151,A173,1,A192,A201,female,1,1
532,5,12,1503,4,4,41,1,A14,A33,A41,A61,A73,A101,A121,A143,A151,A173,1,A191,A201,male,0,0
533,2,24,1311,4,3,26,1,A14,A32,A43,A62,A74,A101,A122,A143,A152,A173,1,A192,A201,male,0,0
534,2,24,3105,4,2,25,2,A14,A32,A43,A65,A72,A101,A123,A143,A152,A173,1,A191,A201,male,0,0
535,6,21,2319,2,1,33,1,A13,A34,A46,A61,A72,A101,A123,A143,A151,A173,1,A191,A201,male,1,1
536,1,6,1374,4,3,75,1,A11,A32,A40,A65,A71,A101,A122,A143,A152,A174,1,A192,A201,female,0,0
537,5,18,3612,3,4,37,1,A12,A34,A42,A61,A75,A101,A122,A143,A152,A173,1,A192,A201,female,0,0
538,3,48,7763,4,4,42,1,A11,A32,A40,A61,A75,A101,A124,A141,A153,A174,1,A191,A201,male,1,1
539,2,18,3049,1,1,45,1,A13,A32,A42,A61,A72,A101,A122,A142,A152,A172,1,A191,A201,female,0,0
540,4,12,1534,1,1,23,1,A12,A32,A43,A61,A72,A101,A121,A143,A151,A173,1,A191,A201,male,1,1
541,6,24,2032,4,4,60,2,A14,A33,A40,A61,A75,A101,A124,A143,A153,A173,1,A192,A201,male,0,0
542,4,30,6350,4,4,31,1,A11,A32,A42,A65,A75,A101,A122,A143,A152,A173,1,A191,A201,male,1,1
543,2,18,2864,2,1,34,1,A13,A32,A42,A61,A73,A101,A121,A143,A152,A172,2,A191,A201,male,1,1
544,1,12,1255,4,4,61,2,A14,A34,A40,A61,A75,A101,A121,A143,A152,A172,1,A191,A201,male,0,0
545,4,24,1333,4,2,43,2,A11,A33,A40,A61,A71,A101,A121,A143,A153,A173,2,A191,A201,male,1,1
546,4,24,2022,4,4,37,1,A14,A34,A40,A61,A73,A101,A123,A143,A152,A173,1,A192,A201,female,0,0
547,3,24,1552,3,1,32,1,A14,A32,A43,A61,A74,A101,A123,A141,A152,A173,2,A191,A201,male,0,0
548,5,12,626,4,4,24,1,A11,A31,A43,A61,A73,A101,A121,A141,A152,A172,1,A191,A201,female,1,1
549,3,48,8858,2,1,35,2,A14,A34,A41,A65,A74,A101,A124,A143,A153,A173,1,A192,A201,male,0,0
550,6,12,996,4,4,23,2,A14,A34,A45,A65,A74,A101,A121,A143,A152,A173,1,A191,A201,female,0,0
551,6,6,1750,2,4,45,1,A14,A31,A43,A63,A75,A101,A122,A141,A152,A172,2,A191,A201,male,0,0
552,5,48,6999,1,1,34,2,A11,A32,A43,A61,A74,A103,A121,A143,A152,A173,1,A192,A201,male,1,1
553,3,12,1995,4,1,27,1,A12,A34,A40,A62,A72,A101,A123,A143,A152,A173,1,A191,A201,male,0,0
554,5,9,1199,4,4,67,2,A12,A32,A46,A61,A74,A101,A122,A143,A152,A174,1,A192,A201,female,0,0
555,4,12,1331,2,1,22,1,A12,A32,A43,A61,A72,A101,A123,A142,A152,A173,1,A191,A201,male,1,1
556,6,18,2278,3,3,28,2,A12,A30,A40,A62,A72,A101,A123,A143,A152,A173,1,A191,A201,female,1,1
557,6,21,5003,1,4,29,2,A14,A30,A40,A65,A73,A101,A122,A141,A152,A173,1,A192,A201,female,1,1
558,2,24,3552,3,4,27,1,A11,A31,A42,A61,A74,A101,A123,A141,A152,A173,1,A191,A201,male,1,1
559,3,18,1928,2,2,31,2,A12,A34,A42,A61,A72,A101,A121,A143,A152,A172,1,A191,A201,male,1,1
560,1,24,2964,4,4,49,1,A11,A32,A41,A65,A75,A101,A124,A141,A153,A173,2,A192,A201,male,0,0
561,3,24,1546,4,4,24,1,A11,A31,A43,A61,A74,A103,A123,A141,A151,A172,1,A191,A201,male,1,1
562,6,6,683,2,1,29,1,A13,A33,A43,A61,A72,A101,A122,A141,A152,A173,1,A191,A201,female,0,0
563,5,36,12389,1,4,37,1,A12,A32,A40,A65,A73,A101,A124,A143,A153,A173,1,A192,A201,male,1,1
564,6,24,4712,4,2,37,2,A12,A33,A49,A65,A73,A101,A122,A141,A152,A174,1,A192,A201,male,0,0
565,6,24,1553,3,2,23,2,A12,A33,A43,A62,A74,A101,A122,A143,A151,A173,1,A192,A201,female,0,0
566,6,12,1372,2,3,36,1,A11,A32,A40,A61,A74,A101,A123,A143,A152,A173,1,A191,A201,male,1,1
567,2,24,2578,2,2,34,1,A14,A34,A43,A64,A75,A101,A123,A143,A152,A173,1,A191,A201,male,0,0
568,3,48,3979,4,1,41,2,A12,A32,A43,A65,A74,A101,A123,A143,A152,A173,2,A192,A201,male,0,0
569,3,48,6758,3,2,31,1,A11,A32,A43,A61,A73,A101,A123,A143,A152,A173,1,A192,A201,female,1,1
570,5,24,3234,4,4,23,1,A11,A32,A42,A61,A72,A101,A121,A143,A151,A172,1,A192,A201,female,1,1
571,1,30,5954,3,2,38,1,A14,A34,A43,A61,A74,A102,A123,A143,A152,A173,1,A191,A201,male,0,0
572,5,24,5433,2,4,26,1,A14,A32,A41,A65,A71,A101,A122,A143,A151,A174,1,A192,A201,female,0,0
573,1,15,806,4,4,22,1,A11,A32,A49,A61,A73,A101,A122,A143,A152,A172,1,A191,A201,female,0,0
574,5,9,1082,4,4,27,2,A12,A32,A43,A61,A75,A101,A123,A143,A152,A172,1,A191,A201,male,0,0
575,6,15,2788,2,3,24,2,A14,A34,A42,A61,A74,A102,A123,A141,A152,A173,1,A191,A201,female,0,0
576,5,12,2930,2,1,27,1,A12,A32,A43,A61,A74,A101,A121,A143,A152,A173,1,A191,A201,female,0,0
577,3,24,1927,3,2,33,2,A14,A34,A46,A65,A73,A101,A123,A143,A152,A173,1,A192,A201,female,0,0
578,1,36,2820,4,4,27,2,A12,A34,A40,A61,A72,A101,A123,A143,A152,A173,1,A191,A201,male,1,1
579,5,24,937,4,3,27,2,A14,A32,A48,A61,A72,A101,A123,A143,A152,A172,1,A191,A201,male,0,0
580,2,18,1056,3,3,30,2,A12,A34,A40,A61,A75,A103,A121,A141,A152,A173,1,A191,A201,male,1,1
581,4,12,3124,1,3,49,2,A12,A34,A40,A61,A72,A101,A121,A141,A152,A172,2,A191,A201,male,0,0
582,1,9,1388,4,2,26,1,A14,A32,A42,A61,A73,A101,A121,A143,A151,A173,1,A191,A201,female,0,0
583,4,36,2384,4,1,33,1,A12,A32,A45,A61,A72,A101,A124,A143,A151,A172,1,A191,A201,male,1,1
584,6,12,2133,4,4,52,1,A14,A32,A40,A65,A75,A101,A124,A143,A153,A174,1,A192,A201,female,0,0
585,4,18,2039,1,4,20,1,A11,A32,A42,A61,A73,A101,A121,A141,A151,A173,1,A191,A201,female,1,1
586,2,9,2799,2,2,36,2,A11,A34,A40,A61,A73,A101,A121,A143,A151,A173,2,A191,A201,male,0,0
587,4,12,1289,4,1,21,1,A11,A32,A42,A61,A73,A103,A122,A143,A152,A172,1,A191,A201,male,0,0
588,5,18,1217,4,3,47,1,A11,A32,A44,A61,A73,A101,A121,A143,A152,A172,1,A192,A201,male,1,1
589,5,12,2246,3,3,60,2,A11,A34,A42,A61,A75,A101,A122,A143,A152,A173,1,A191,A201,male,1,1
590,6,12,385,4,3,58,4,A11,A34,A43,A61,A74,A101,A121,A143,A152,A172,1,A192,A201,female,0,0
591,3,24,1965,4,4,42,2,A12,A33,A40,A65,A73,A101,A123,A143,A151,A173,1,A192,A201,female,0,0
592,2,21,1572,4,4,36,1,A14,A32,A49,A64,A75,A101,A121,A141,A152,A172,1,A191,A201,female,0,0
593,4,24,2718,3,4,20,1,A12,A32,A40,A61,A73,A101,A122,A143,A151,A172,1,A192,A201,female,1,1
594,5,24,1358,4,3,40,1,A11,A31,A410,A65,A75,A101,A123,A142,A152,A174,1,A192,A201,male,1,1
595,6,6,931,1,1,32,1,A12,A31,A40,A62,A72,A101,A122,A142,A152,A172,1,A191,A201,female,1,1
596,2,24,1442,4,4,23,2,A11,A32,A40,A61,A74,A101,A123,A143,A151,A173,1,A191,A201,female,1,1
597,1,24,4241,1,4,36,3,A12,A30,A49,A61,A73,A101,A121,A143,A152,A172,1,A192,A201,male,1,1
598,2,18,2775,2,2,31,2,A14,A34,A40,A61,A74,A101,A122,A141,A152,A173,1,A191,A201,male,1,1
599,1,24,3863,1,2,32,1,A14,A33,A49,A61,A73,A101,A124,A143,A153,A173,1,A191,A201,male,0,0
600,6,7,2329,1,1,45,1,A12,A32,A43,A61,A72,A103,A121,A143,A152,A173,1,A191,A201,female,0,0
601,3,9,918,4,1,30,1,A12,A32,A42,A61,A73,A101,A122,A143,A152,A173,1,A191,A201,female,1,1
602,3,24,1837,4,4,34,1,A12,A31,A46,A61,A74,A101,A124,A141,A153,A172,1,A191,A201,female,1,1
603,3,36,3349,4,2,28,1,A14,A32,A42,A61,A73,A101,A123,A143,A152,A174,1,A192,A201,female,1,1
604,2,10,1275,4,2,23,1,A13,A32,A42,A61,A72,A101,A122,A143,A152,A173,1,A191,A201,female,0,0
605,4,24,2828,4,4,22,1,A11,A31,A42,A63,A73,A101,A121,A142,A152,A173,1,A192,A201,male,0,0
606,4,24,4526,3,2,74,1,A14,A34,A49,A61,A73,A101,A121,A143,A152,A174,1,A192,A201,male,0,0
607,4,36,2671,4,4,50,1,A12,A32,A43,A62,A73,A102,A124,A143,A153,A173,1,A191,A201,female,1,1
608,6,18,2051,4,1,33,1,A14,A32,A43,A61,A72,A101,A121,A143,A152,A173,1,A191,A201,male,0,0
609,6,15,1300,4,4,45,1,A14,A32,A41,A65,A75,A101,A124,A141,A153,A173,2,A191,A201,male,0,0
610,4,12,741,4,3,22,1,A11,A32,A44,A62,A71,A101,A122,A143,A152,A173,1,A191,A201,female,1,1
611,2,10,1240,1,4,48,1,A13,A32,A40,A62,A75,A101,A124,A143,A153,A172,2,A191,A201,female,1,1
612,1,21,3357,4,2,29,1,A11,A32,A43,A64,A72,A101,A123,A141,A152,A173,1,A191,A201,female,0,0
613,5,24,3632,1,4,22,1,A11,A31,A41,A61,A73,A103,A123,A141,A151,A173,1,A191,A202,female,0,0
614,4,18,1808,4,1,22,1,A14,A33,A42,A61,A74,A101,A121,A143,A152,A173,1,A191,A201,female,1,0
615,1,48,12204,2,2,48,1,A12,A30,A49,A65,A73,A101,A123,A141,A152,A174,1,A192,A201,male,0,0
616,5,60,9157,2,2,27,1,A12,A33,A43,A65,A73,A101,A124,A143,A153,A174,1,A191,A201,male,0,0
617,4,6,3676,1,3,37,3,A11,A34,A40,A61,A73,A101,A121,A143,A151,A173,2,A191,A201,male,0,0
618,6,30,3441,2,4,21,1,A12,A32,A42,A62,A73,A102,A123,A143,A151,A173,1,A191,A201,female,1,1
619,4,12,640,4,2,49,1,A14,A32,A40,A61,A73,A101,A121,A143,A152,A172,1,A191,A201,male,0,0
620,5,21,3652,2,3,27,2,A12,A34,A49,A61,A74,A101,A122,A143,A152,A173,1,A191,A201,male,0,0
621,3,18,1530,3,2,32,2,A14,A34,A40,A61,A73,A101,A122,A141,A152,A173,1,A191,A201,male,1,1
622,1,48,3914,4,2,38,1,A14,A32,A49,A65,A73,A101,A121,A141,A152,A173,1,A191,A201,male,1,1
623,3,12,1858,4,1,22,1,A11,A32,A42,A61,A72,A101,A123,A143,A151,A173,1,A191,A201,female,0,0
624,5,18,2600,4,4,65,2,A11,A32,A43,A61,A73,A101,A124,A143,A153,A173,1,A191,A201,male,1,1
625,1,15,1979,4,2,35,1,A14,A32,A43,A65,A75,A101,A123,A143,A152,A173,1,A191,A201,male,0,0
626,6,6,2116,2,2,41,1,A13,A32,A42,A61,A73,A101,A121,A143,A152,A173,1,A192,A201,male,0,0
627,1,9,1437,2,3,29,1,A12,A31,A40,A62,A74,A101,A124,A143,A152,A173,1,A191,A201,male,1,1
628,2,42,4042,4,4,36,2,A14,A34,A42,A63,A73,A101,A121,A143,A152,A173,1,A192,A201,male,0,0
629,4,9,3832,1,4,64,1,A14,A32,A46,A65,A75,A101,A121,A143,A152,A172,1,A191,A201,male,0,0
630,5,24,3660,2,4,28,1,A11,A32,A43,A61,A73,A101,A123,A143,A152,A173,1,A191,A201,female,0,0
631,2,18,1553,4,3,44,1,A11,A31,A42,A61,A73,A101,A123,A141,A152,A173,1,A191,A201,male,1,1
632,4,15,1444,4,1,23,1,A12,A32,A43,A65,A72,A101,A122,A143,A152,A173,1,A191,A201,male,0,0
633,3,9,1980,2,2,19,2,A14,A32,A42,A61,A72,A102,A123,A143,A151,A173,1,A191,A201,female,1,1
634,2,24,1355,3,4,25,1,A12,A32,A40,A61,A72,A101,A123,A143,A152,A172,1,A192,A201,female,1,1
635,2,12,1393,4,4,47,3,A14,A32,A46,A61,A75,A101,A122,A141,A152,A173,2,A192,A201,male,0,0
636,2,24,1376,4,1,28,1,A14,A32,A43,A63,A74,A101,A123,A143,A152,A173,1,A191,A201,female,0,0
637,4,60,15653,2,4,21,2,A14,A33,A43,A61,A74,A101,A123,A143,A152,A173,1,A192,A201,male,0,0
638,4,12,1493,4,3,34,1,A14,A32,A43,A61,A72,A101,A123,A143,A152,A173,2,A191,A201,female,0,0
639,1,42,4370,3,2,26,2,A11,A33,A43,A61,A74,A101,A122,A141,A152,A173,2,A192,A201,male,1,1
640,5,18,750,4,1,27,1,A11,A32,A46,A61,A71,A101,A121,A143,A152,A171,1,A191,A201,female,1,1
641,5,15,1308,4,4,38,2,A12,A32,A45,A61,A75,A101,A123,A143,A152,A172,1,A191,A201,male,0,0
642,5,15,4623,3,2,40,1,A14,A32,A46,A62,A73,A101,A122,A143,A152,A174,1,A192,A201,male,1,1
643,4,24,1851,4,2,33,2,A14,A34,A43,A61,A74,A103,A123,A143,A152,A173,1,A192,A201,male,0,0
644,1,18,1880,4,1,32,2,A11,A34,A43,A61,A74,A101,A122,A143,A152,A174,1,A192,A201,male,0,0
645,2,36,7980,4,4,27,2,A14,A33,A49,A65,A72,A101,A123,A143,A151,A173,1,A192,A201,male,1,1
646,2,30,4583,2,2,32,2,A11,A30,A42,A61,A73,A103,A121,A143,A152,A173,1,A191,A201,male,0,0
647,4,12,1386,2,2,26,1,A14,A32,A40,A63,A73,A101,A122,A143,A152,A173,1,A191,A201,female,1,1
648,5,24,947,4,3,38,1,A13,A32,A40,A61,A74,A101,A124,A141,A153,A173,2,A191,A201,male,1,1
649,6,12,684,4,4,40,1,A11,A32,A46,A61,A73,A101,A123,A143,A151,A172,2,A191,A201,male,1,1
650,2,48,7476,4,1,50,1,A11,A32,A46,A61,A74,A101,A124,A143,A153,A174,1,A192,A201,male,0,0
651,4,12,1922,4,2,37,1,A12,A32,A42,A61,A73,A101,A122,A143,A152,A172,1,A191,A201,male,1,1
652,3,24,2303,4,1,45,1,A11,A32,A40,A61,A75,A102,A121,A143,A152,A173,1,A191,A201,male,1,1
653,4,36,8086,2,4,42,4,A12,A33,A40,A62,A75,A101,A123,A143,A152,A174,1,A192,A201,male,1,1
654,2,24,2346,4,3,35,2,A14,A34,A41,A61,A74,A101,A123,A143,A152,A173,1,A192,A201,male,0,0
655,5,14,3973,1,4,22,1,A11,A32,A40,A61,A71,A101,A124,A143,A153,A173,1,A191,A201,male,0,0
656,6,12,888,4,4,41,1,A12,A32,A40,A61,A75,A101,A123,A141,A152,A172,2,A191,A201,male,1,1
657,3,48,10222,4,3,37,1,A14,A32,A43,A65,A74,A101,A123,A142,A152,A173,1,A192,A201,male,0,0
658,2,30,4221,2,1,28,2,A12,A30,A49,A61,A73,A101,A123,A143,A152,A173,1,A191,A201,female,0,0
659,2,18,6361,2,1,41,1,A12,A34,A42,A61,A75,A101,A124,A143,A152,A173,1,A192,A201,male,0,0
660,2,12,1297,3,4,23,1,A13,A32,A43,A61,A73,A101,A121,A143,A151,A173,1,A191,A201,male,0,0
661,2,12,900,4,2,23,1,A11,A32,A40,A65,A73,A101,A123,A143,A152,A173,1,A191,A201,male,1,1
662,1,21,2241,4,2,50,2,A14,A32,A42,A61,A75,A101,A121,A143,A152,A173,1,A191,A201,male,0,0
663,1,6,1050,4,1,35,2,A12,A33,A42,A61,A71,A101,A122,A142,A152,A174,1,A192,A201,male,0,0
664,4,6,1047,2,4,50,1,A13,A34,A46,A61,A73,A101,A122,A143,A152,A172,1,A191,A201,female,0,0
665,2,24,6314,4,2,27,2,A14,A34,A410,A61,A71,A102,A124,A141,A152,A174,1,A192,A201,male,0,0
666,2,30,3496,4,2,34,1,A12,A31,A42,A64,A73,A101,A123,A142,A152,A173,2,A192,A201,male,0,0
667,6,48,3609,1,1,27,1,A14,A31,A49,A61,A73,A101,A121,A142,A152,A173,1,A191,A201,female,0,0
668,3,12,4843,3,4,43,2,A11,A34,A40,A61,A75,A102,A122,A143,A151,A173,1,A192,A201,male,1,1
669,3,30,3017,4,4,47,1,A13,A34,A43,A61,A75,A101,A122,A143,A152,A173,1,A191,A201,male,0,0
670,1,24,4139,3,3,27,2,A14,A34,A49,A62,A73,A101,A122,A143,A152,A172,1,A192,A201,male,0,0
671,4,36,5742,2,2,31,2,A14,A32,A49,A62,A74,A101,A123,A143,A152,A173,1,A192,A201,male,0,0
672,2,60,10366,2,4,42,1,A14,A32,A40,A61,A75,A101,A122,A143,A152,A174,1,A192,A201,male,0,0
673,2,6,2080,1,2,24,1,A14,A34,A40,A63,A73,A101,A123,A143,A152,A173,1,A191,A201,male,0,0
674,3,21,2580,4,2,41,1,A14,A33,A49,A63,A72,A101,A121,A141,A152,A172,2,A191,A201,male,1,1
675,4,30,4530,4,4,26,1,A14,A34,A43,A61,A74,A101,A123,A143,A151,A174,1,A192,A201,female,0,0
676,6,24,5150,4,4,33,1,A14,A34,A42,A61,A75,A101,A123,A143,A152,A173,1,A192,A201,male,0,0
677,6,72,5595,2,2,24,1,A12,A32,A43,A62,A73,A101,A123,A143,A152,A173,1,A191,A201,male,1,1
678,3,24,2384,4,4,64,1,A11,A32,A43,A61,A75,A101,A121,A141,A151,A172,1,A191,A201,male,0,0
679,6,18,1453,3,1,26,1,A14,A32,A43,A61,A72,A101,A121,A143,A152,A173,1,A191,A201,female,0,0
680,3,6,1538,1,2,56,1,A14,A32,A46,A61,A72,A101,A124,A143,A152,A173,1,A191,A201,female,0,0
681,1,12,2279,4,4,37,1,A14,A32,A43,A65,A73,A101,A124,A143,A153,A173,1,A192,A201,male,0,0
682,4,15,1478,4,3,33,2,A14,A33,A43,A61,A73,A101,A121,A141,A152,A173,1,A191,A201,male,0,0
683,4,24,5103,3,3,47,3,A14,A34,A43,A61,A72,A101,A124,A143,A153,A173,1,A192,A201,male,0,0
684,6,36,9857,1,3,31,2,A12,A33,A49,A62,A74,A101,A122,A143,A152,A172,2,A192,A201,male,0,0
685,2,60,6527,4,4,34,1,A14,A32,A40,A65,A73,A101,A124,A143,A153,A173,2,A192,A201,male,0,0
686,3,10,1347,4,2,27,2,A13,A34,A43,A65,A74,A101,A122,A143,A152,A173,1,A192,A201,male,0,0
687,3,36,2862,4,3,30,1,A12,A33,A40,A62,A75,A101,A124,A143,A153,A173,1,A191,A201,male,0,0
688,1,9,2753,3,4,35,1,A14,A32,A43,A62,A75,A102,A123,A143,A152,A173,1,A192,A201,male,0,0
689,1,12,3651,1,3,31,1,A11,A32,A40,A64,A73,A101,A122,A143,A152,A173,2,A191,A201,male,0,0
690,2,15,975,2,3,25,2,A11,A34,A42,A61,A73,A101,A122,A143,A152,A173,1,A191,A201,male,0,0
691,3,15,2631,3,2,25,1,A12,A32,A45,A62,A73,A101,A121,A143,A152,A172,1,A191,A201,female,0,0
692,4,24,2896,2,1,29,1,A12,A32,A43,A62,A72,A101,A123,A143,A152,A173,1,A191,A201,male,0,0
693,3,6,4716,1,3,44,2,A11,A34,A40,A65,A72,A101,A121,A143,A152,A172,2,A191,A201,male,0,0
694,4,24,2284,4,2,28,1,A14,A32,A43,A61,A74,A101,A123,A143,A152,A173,1,A192,A201,male,0,0
695,4,6,1236,2,4,50,1,A14,A32,A41,A63,A73,A101,A122,A143,A151,A173,1,A191,A201,male,0,0
696,5,12,1103,4,3,29,2,A12,A32,A43,A61,A74,A103,A121,A143,A152,A173,1,A191,A202,male,0,0
697,6,12,926,1,2,38,1,A14,A34,A40,A61,A71,A101,A122,A143,A152,A171,1,A191,A201,female,0,0
698,2,18,1800,4,2,24,2,A14,A34,A43,A61,A73,A101,A123,A143,A152,A173,1,A191,A201,male,0,0
699,4,15,1905,4,4,40,1,A13,A32,A46,A61,A75,A101,A123,A143,A151,A174,1,A192,A201,male,0,0
700,5,12,1123,4,4,29,1,A14,A32,A42,A63,A73,A101,A123,A143,A151,A172,1,A191,A201,female,1,1
701,2,48,6331,4,4,46,2,A11,A34,A41,A61,A75,A101,A124,A143,A153,A173,1,A192,A201,male,1,1
702,5,24,1377,4,2,47,1,A13,A32,A43,A62,A75,A101,A124,A143,A153,A173,1,A192,A201,female,0,0
703,4,30,2503,4,2,41,2,A12,A33,A49,A62,A75,A101,A122,A142,A152,A173,1,A191,A201,male,0,0
704,3,27,2528,4,1,32,1,A12,A32,A49,A61,A72,A101,A122,A143,A152,A173,2,A192,A201,female,0,0
705,3,15,5324,1,4,35,1,A14,A32,A40,A63,A75,A101,A124,A143,A153,A173,1,A191,A201,female,0,0
706,4,48,6560,3,2,24,1,A12,A32,A40,A62,A74,A101,A122,A143,A152,A173,1,A191,A201,male,1,1
707,4,12,2969,4,3,25,2,A12,A30,A42,A61,A72,A101,A122,A143,A151,A173,1,A191,A201,female,1,1
708,1,9,1206,4,4,25,1,A12,A32,A43,A61,A75,A101,A121,A143,A152,A173,1,A191,A201,female,0,0
709,3,9,2118,2,2,37,1,A12,A32,A43,A61,A73,A101,A121,A143,A152,A172,2,A191,A201,male,0,0
710,3,18,629,4,3,32,2,A14,A34,A43,A63,A75,A101,A122,A141,A152,A174,1,A192,A201,male,0,0
711,5,6,1198,4,4,35,1,A11,A31,A46,A61,A75,A101,A124,A143,A153,A173,1,A191,A201,female,1,1
712,5,21,2476,4,4,46,1,A14,A32,A41,A65,A75,A101,A121,A143,A152,A174,1,A192,A201,male,0,0
713,2,9,1138,4,4,25,2,A11,A34,A43,A61,A73,A101,A121,A143,A152,A172,1,A191,A201,male,0,0
714,3,60,14027,4,2,27,1,A12,A32,A40,A61,A74,A101,A124,A143,A152,A174,1,A192,A201,male,1,1
715,4,30,7596,1,4,63,2,A14,A34,A41,A65,A75,A101,A123,A143,A152,A173,1,A191,A201,male,0,0
716,1,30,3077,3,2,40,2,A14,A34,A43,A65,A75,A101,A123,A143,A152,A173,2,A192,A201,male,0,0
717,5,18,1505,4,2,32,1,A14,A32,A43,A61,A73,A101,A124,A143,A153,A174,1,A192,A201,male,0,0
718,4,24,3148,3,2,31,2,A13,A34,A43,A65,A73,A101,A123,A143,A152,A173,1,A192,A201,male,0,0
719,3,20,6148,3,4,31,2,A12,A30,A41,A62,A75,A101,A123,A141,A152,A173,1,A192,A201,male,0,0
720,6,9,1337,4,2,34,2,A13,A30,A43,A61,A72,A101,A123,A143,A152,A174,1,A192,A201,male,1,1
721,6,6,433,4,2,24,1,A12,A31,A46,A64,A72,A101,A122,A141,A151,A173,2,A191,A201,female,1,1
722,1,12,1228,4,2,24,1,A11,A32,A40,A61,A73,A101,A121,A143,A152,A172,1,A191,A201,female,1,1
723,1,9,790,4,3,66,1,A12,A32,A43,A63,A73,A101,A121,A143,A152,A172,1,A191,A201,female,0,0
724,5,27,2570,3,3,21,1,A14,A32,A40,A61,A73,A101,A121,A143,A151,A173,1,A191,A201,female,1,1
725,4,6,250,2,2,41,2,A14,A34,A40,A64,A73,A101,A121,A141,A152,A172,1,A191,A201,female,0,0
726,3,15,1316,2,2,47,2,A14,A34,A43,A63,A73,A101,A122,A143,A152,A172,1,A191,A201,male,0,0
727,6,18,1882,4,4,25,2,A11,A32,A43,A61,A73,A101,A123,A141,A151,A173,1,A191,A201,female,1,1
728,4,48,6416,4,3,59,1,A12,A31,A49,A61,A75,A101,A124,A143,A151,A173,1,A191,A201,female,1,1
729,2,24,1275,2,4,36,2,A13,A34,A49,A64,A73,A101,A121,A143,A152,A173,1,A192,A201,male,0,0
730,5,24,6403,1,2,33,1,A12,A33,A43,A61,A72,A101,A123,A143,A152,A173,1,A191,A201,male,0,0
731,5,24,1987,2,4,21,1,A11,A32,A43,A61,A73,A101,A121,A143,A151,A172,2,A191,A201,male,1,1
732,2,8,760,4,2,44,1,A12,A32,A43,A61,A74,A103,A121,A143,A152,A172,1,A191,A201,female,0,0
733,2,24,2603,2,4,28,1,A14,A32,A41,A64,A73,A101,A123,A143,A151,A173,1,A192,A201,female,0,0
734,6,4,3380,1,1,37,1,A14,A34,A40,A61,A74,A101,A121,A143,A152,A173,2,A191,A201,female,0,0
735,4,36,3990,3,2,29,1,A12,A31,A44,A65,A72,A101,A124,A141,A152,A171,1,A191,A201,female,0,0
736,4,24,11560,1,4,23,2,A12,A32,A41,A61,A73,A101,A123,A143,A151,A174,1,A191,A201,female,1,1
737,4,18,4380,3,4,35,1,A11,A32,A40,A62,A73,A101,A123,A143,A152,A172,2,A192,A201,male,0,0
738,1,6,6761,1,3,45,2,A14,A34,A40,A61,A74,A101,A124,A143,A152,A174,2,A192,A201,male,0,0
739,3,30,4280,4,4,26,2,A12,A30,A49,A62,A73,A101,A123,A143,A151,A172,1,A191,A201,female,1,1
740,4,24,2325,2,3,32,1,A11,A31,A40,A62,A74,A101,A123,A141,A152,A173,1,A191,A201,male,0,0
741,1,10,1048,4,4,23,1,A12,A31,A43,A61,A73,A101,A121,A142,A152,A172,1,A191,A201,male,0,0
742,1,21,3160,4,3,41,1,A14,A32,A43,A65,A75,A101,A122,A143,A152,A173,1,A192,A201,male,0,0
743,1,24,2483,4,4,22,1,A11,A31,A42,A63,A73,A101,A121,A142,A152,A173,1,A192,A201,male,0,0
744,1,39,14179,4,4,30,2,A11,A34,A42,A65,A74,A101,A122,A143,A152,A174,1,A192,A201,male,0,0
745,6,13,1797,3,1,28,2,A11,A34,A49,A61,A72,A101,A122,A141,A152,A172,1,A191,A201,male,0,0
746,6,15,2511,1,4,23,1,A11,A32,A40,A61,A71,A101,A123,A143,A151,A173,1,A191,A201,female,0,0
747,3,12,1274,3,1,37,1,A11,A32,A40,A61,A72,A101,A121,A143,A152,A172,1,A191,A201,female,1,1
748,6,21,5248,1,3,26,1,A14,A32,A41,A65,A73,A101,A123,A143,A152,A173,1,A191,A201,male,0,0
749,5,15,3029,2,2,33,1,A14,A32,A41,A61,A74,A101,A123,A143,A152,A173,1,A191,A201,male,0,0
750,1,6,428,2,1,49,1,A11,A32,A42,A61,A75,A101,A122,A141,A152,A173,1,A192,A201,female,0,0
751,5,18,976,1,2,23,1,A11,A32,A40,A61,A72,A101,A123,A143,A152,A172,1,A191,A201,female,1,1
752,3,12,841,2,4,23,1,A12,A32,A49,A62,A74,A101,A121,A143,A151,A172,1,A191,A201,female,0,0
753,4,30,5771,4,2,25,2,A14,A34,A43,A61,A74,A101,A123,A143,A152,A173,1,A191,A201,female,0,0
754,6,12,1555,4,4,55,2,A14,A33,A45,A64,A75,A101,A124,A143,A153,A173,2,A191,A201,male,1,1
755,2,24,1285,4,4,32,1,A11,A32,A40,A65,A74,A101,A124,A143,A151,A173,1,A191,A201,female,1,1
756,1,6,1299,1,1,74,3,A13,A34,A40,A61,A73,A101,A121,A143,A152,A171,2,A191,A202,male,0,0
757,5,15,1271,3,4,39,2,A13,A34,A43,A65,A73,A101,A124,A143,A153,A173,1,A192,A201,male,1,1
758,2,24,1393,2,2,31,1,A14,A32,A40,A61,A73,A103,A121,A143,A152,A173,1,A192,A201,male,0,0
759,2,12,691,4,3,35,2,A11,A34,A40,A61,A75,A101,A122,A143,A152,A173,1,A191,A201,male,1,1
760,6,15,5045,1,4,59,1,A14,A34,A40,A65,A75,A101,A123,A143,A152,A173,1,A192,A201,female,0,0
761,4,18,2124,4,4,24,2,A11,A34,A42,A61,A73,A101,A121,A143,A151,A173,1,A191,A201,female,1,1
762,2,12,2214,4,3,24,1,A11,A32,A43,A61,A73,A101,A122,A143,A152,A172,1,A191,A201,male,0,0
763,1,21,12680,4,4,30,1,A14,A34,A40,A65,A75,A101,A124,A143,A153,A174,1,A192,A201,male,1,1
764,5,24,2463,4,3,27,2,A14,A34,A40,A62,A74,A101,A122,A143,A152,A173,1,A192,A201,male,0,0
765,1,12,1155,3,3,40,2,A12,A32,A43,A61,A75,A103,A121,A141,A152,A172,1,A191,A201,male,0,0
766,5,30,3108,2,4,31,1,A11,A32,A42,A61,A72,A101,A122,A143,A152,A172,1,A191,A201,male,1,1
767,4,10,2901,1,4,31,1,A14,A32,A41,A65,A72,A101,A121,A143,A151,A173,1,A191,A201,female,0,0
768,2,12,3617,1,4,28,3,A12,A34,A42,A61,A75,A101,A123,A143,A151,A173,1,A192,A201,male,0,0
769,1,12,1655,2,4,63,2,A14,A34,A43,A61,A75,A101,A121,A143,A152,A172,1,A192,A201,male,0,0
770,4,24,2812,2,4,26,1,A11,A32,A41,A65,A75,A101,A121,A143,A151,A173,1,A191,A201,female,0,0
771,4,36,8065,3,2,25,2,A11,A34,A46,A61,A73,A101,A124,A143,A152,A174,1,A192,A201,female,1,1
772,5,21,3275,1,4,36,1,A14,A34,A41,A61,A75,A101,A123,A143,A152,A174,1,A192,A201,male,0,0
773,4,24,2223,4,4,52,2,A14,A34,A43,A62,A75,A101,A122,A141,A152,A173,1,A191,A201,male,0,0
774,3,12,1480,2,4,66,3,A13,A34,A40,A63,A71,A101,A124,A141,A153,A171,1,A191,A201,male,0,0
775,5,24,1371,4,4,25,1,A11,A32,A40,A65,A73,A101,A121,A143,A151,A173,1,A191,A201,female,1,1
776,6,36,3535,4,4,37,2,A14,A34,A40,A61,A74,A101,A123,A143,A152,A173,1,A192,A201,male,0,0
777,4,18,3509,4,1,25,1,A11,A32,A43,A61,A74,A103,A121,A143,A152,A173,1,A191,A201,female,0,0
778,6,36,5711,4,2,38,2,A14,A34,A41,A64,A75,A101,A123,A143,A152,A174,1,A192,A201,male,0,0
779,2,18,3872,2,4,67,1,A12,A32,A45,A61,A71,A101,A123,A143,A152,A173,1,A192,A201,female,0,0
780,5,39,4933,2,2,25,2,A12,A34,A43,A61,A74,A103,A121,A143,A152,A173,1,A191,A201,male,1,1
781,1,24,1940,4,4,60,1,A14,A34,A40,A64,A75,A101,A121,A143,A152,A173,1,A192,A201,male,0,0
782,3,12,1410,2,2,31,1,A12,A30,A48,A61,A73,A101,A121,A143,A152,A172,1,A192,A201,male,0,0
783,5,12,836,4,2,23,1,A12,A32,A40,A62,A72,A101,A122,A141,A152,A172,1,A191,A201,female,1,1
784,1,20,6468,1,4,60,1,A12,A32,A41,A65,A71,A101,A121,A143,A152,A174,1,A192,A201,male,0,0
785,5,18,1941,4,2,35,1,A12,A32,A49,A64,A73,A101,A122,A143,A152,A172,1,A192,A201,male,0,0
786,6,22,2675,3,4,40,1,A14,A32,A43,A63,A75,A101,A123,A143,A152,A173,1,A191,A201,male,0,0
787,4,48,2751,4,3,38,2,A14,A34,A41,A65,A75,A101,A123,A143,A152,A173,2,A192,A201,male,0,0
788,3,48,6224,4,4,50,1,A12,A33,A46,A61,A75,A101,A124,A143,A153,A173,1,A191,A201,male,1,1
789,3,40,5998,4,3,27,1,A11,A34,A46,A61,A73,A101,A124,A141,A152,A173,1,A192,A201,male,1,1
790,6,21,1188,2,4,39,1,A12,A32,A49,A61,A75,A101,A122,A143,A152,A173,2,A191,A201,female,1,1
791,1,24,6313,3,4,41,1,A14,A32,A41,A65,A75,A101,A123,A143,A152,A174,2,A192,A201,male,0,0
792,6,6,1221,1,2,27,2,A14,A34,A42,A65,A73,A101,A122,A143,A152,A173,1,A191,A201,male,0,0
793,3,24,2892,3,4,51,1,A13,A32,A42,A61,A75,A101,A124,A143,A153,A173,1,A191,A201,male,0,0
794,1,24,3062,4,3,32,1,A14,A32,A42,A63,A75,A101,A124,A143,A151,A173,1,A192,A201,male,0,0
795,6,9,2301,2,4,22,1,A14,A32,A42,A62,A72,A101,A122,A143,A151,A173,1,A191,A201,female,0,0
796,6,18,7511,1,4,51,1,A11,A32,A41,A65,A75,A101,A122,A143,A153,A173,2,A192,A201,male,1,1
797,2,12,1258,2,4,22,2,A14,A34,A42,A61,A72,A101,A122,A143,A151,A172,1,A191,A201,female,0,0
798,6,24,717,4,4,54,2,A14,A33,A40,A65,A75,A101,A123,A143,A152,A173,1,A192,A201,male,0,0
799,2,9,1549,4,2,35,1,A12,A32,A40,A65,A72,A101,A121,A143,A152,A171,1,A191,A201,male,0,0
800,6,24,1597,4,4,54,2,A14,A34,A46,A61,A75,A101,A124,A143,A153,A173,2,A191,A201,male,0,0
801,6,18,1795,3,4,48,2,A12,A34,A43,A61,A75,A103,A121,A141,A151,A172,1,A192,A201,female,0,0
802,2,20,4272,1,4,24,2,A11,A34,A42,A61,A75,A101,A122,A143,A152,A173,1,A191,A201,female,0,0
803,4,12,976,4,4,35,2,A14,A34,A43,A65,A75,A101,A123,A143,A152,A173,1,A191,A201,male,0,0
804,2,12,7472,1,2,24,1,A12,A32,A40,A65,A71,A101,A121,A143,A151,A171,1,A191,A201,female,0,0
805,5,36,9271,2,1,24,1,A11,A32,A40,A61,A74,A101,A123,A143,A152,A173,1,A192,A201,male,1,1
806,6,6,590,3,3,26,1,A12,A32,A43,A61,A72,A101,A121,A143,A152,A172,1,A191,A202,male,0,0
807,6,12,930,4,4,65,4,A14,A34,A43,A65,A75,A101,A121,A143,A152,A173,1,A191,A201,male,0,0
808,6,42,9283,1,2,55,1,A12,A31,A41,A61,A71,A101,A124,A141,A153,A174,1,A192,A201,male,0,0
809,6,15,1778,2,1,26,2,A12,A30,A40,A61,A72,A101,A121,A143,A151,A171,1,A191,A201,female,1,1
810,4,8,907,3,2,26,1,A12,A32,A49,A61,A72,A101,A121,A143,A152,A173,1,A192,A201,male,0,0
811,5,6,484,3,3,28,1,A12,A32,A43,A61,A74,A103,A121,A141,A152,A172,1,A191,A201,male,0,0
812,2,36,9629,4,4,24,2,A11,A34,A41,A61,A74,A101,A123,A143,A152,A173,1,A192,A201,male,1,1
813,2,48,3051,3,4,54,1,A11,A32,A44,A61,A73,A101,A123,A143,A152,A173,1,A191,A201,male,1,1
814,6,48,3931,4,4,46,1,A11,A32,A40,A61,A74,A101,A124,A143,A153,A173,2,A191,A201,male,1,1
815,4,36,7432,2,2,54,1,A12,A33,A40,A61,A73,A101,A122,A143,A151,A173,1,A191,A201,female,0,0
816,1,6,1338,1,4,62,1,A14,A32,A44,A63,A73,A101,A121,A143,A152,A173,1,A191,A201,male,0,0
817,3,6,1554,1,2,24,2,A14,A34,A43,A61,A74,A101,A123,A143,A151,A173,1,A192,A201,female,0,0
818,6,36,15857,2,3,43,1,A11,A32,A410,A61,A71,A102,A123,A143,A152,A174,1,A191,A201,male,0,0
819,1,18,1345,4,3,26,1,A11,A32,A43,A61,A73,A101,A121,A141,A152,A173,1,A191,A201,male,1,1
820,4,12,1101,3,2,27,2,A14,A32,A40,A61,A73,A101,A121,A143,A152,A173,1,A192,A201,male,0,0
821,6,12,3016,3,1,24,1,A13,A32,A43,A61,A73,A101,A123,A143,A152,A173,1,A191,A201,male,0,0
822,4,36,2712,2,2,41,1,A11,A32,A42,A61,A75,A101,A122,A141,A152,A173,2,A191,A201,male,1,1
823,3,8,731,4,4,47,2,A11,A34,A40,A61,A75,A101,A121,A143,A152,A172,1,A191,A201,male,0,0
824,6,18,3780,3,2,35,2,A14,A34,A42,A61,A72,A101,A123,A143,A152,A174,1,A192,A201,male,0,0
825,3,21,1602,4,3,30,2,A11,A34,A40,A61,A75,A101,A123,A143,A152,A173,1,A192,A201,male,0,0
826,4,18,3966,1,4,33,3,A11,A34,A40,A61,A75,A101,A121,A141,A151,A173,1,A192,A201,female,1,1
827,4,18,4165,2,2,36,2,A14,A30,A49,A61,A73,A101,A123,A142,A152,A173,2,A191,A201,male,1,1
828,3,36,8335,3,4,47,1,A11,A32,A41,A65,A75,A101,A124,A143,A153,A173,1,A191,A201,male,1,1
829,3,48,6681,4,4,38,1,A12,A33,A49,A65,A73,A101,A124,A143,A153,A173,2,A192,A201,male,0,0
830,1,24,2375,4,2,44,2,A14,A33,A49,A63,A73,A101,A123,A143,A152,A173,2,A192,A201,male,0,0
831,2,18,1216,4,3,23,1,A11,A32,A40,A61,A72,A101,A123,A143,A151,A173,1,A192,A201,female,1,1
832,4,45,11816,2,4,29,2,A11,A30,A49,A61,A75,A101,A123,A143,A151,A173,1,A191,A201,male,1,1
833,1,24,5084,2,4,42,1,A12,A32,A43,A65,A75,A101,A123,A143,A152,A173,1,A192,A201,female,0,0
834,6,15,2327,2,3,25,1,A13,A32,A43,A61,A72,A101,A121,A143,A152,A172,1,A191,A201,female,1,1
835,4,12,1082,4,4,48,2,A11,A30,A40,A61,A73,A101,A123,A141,A152,A173,1,A191,A201,male,1,1
836,6,12,886,4,2,21,1,A14,A32,A43,A65,A73,A101,A123,A143,A152,A173,1,A191,A201,female,0,0
837,2,4,601,1,3,23,1,A14,A32,A42,A61,A72,A101,A121,A143,A151,A172,2,A191,A201,female,0,0
838,6,24,2957,4,4,63,2,A11,A34,A41,A61,A75,A101,A122,A143,A152,A173,1,A192,A201,male,0,0
839,3,24,2611,4,3,46,2,A14,A34,A43,A61,A75,A102,A121,A143,A152,A173,1,A191,A201,male,0,0
840,2,36,5179,4,2,29,1,A11,A32,A42,A61,A74,A101,A122,A143,A152,A173,1,A191,A201,male,1,1
841,1,21,2993,3,2,28,2,A14,A33,A41,A61,A73,A101,A121,A142,A152,A172,1,A191,A201,male,0,0
842,2,18,1943,4,4,23,1,A14,A32,A45,A61,A72,A101,A121,A143,A152,A173,1,A191,A201,female,1,1
843,4,24,1559,4,4,50,1,A14,A31,A49,A61,A74,A101,A123,A141,A152,A173,1,A192,A201,male,0,0
844,5,18,3422,4,4,47,3,A14,A32,A42,A61,A75,A101,A122,A141,A152,A173,2,A192,A201,male,0,0
845,2,21,3976,2,3,35,1,A12,A32,A42,A65,A74,A101,A123,A143,A152,A173,1,A192,A201,male,0,0
846,4,18,6761,2,4,68,2,A14,A32,A40,A65,A73,A101,A123,A143,A151,A173,1,A191,A201,male,1,1
847,3,24,1249,4,2,28,1,A14,A32,A40,A61,A72,A101,A121,A143,A152,A173,1,A191,A201,male,0,0
848,4,9,1364,3,4,59,1,A11,A32,A43,A61,A74,A101,A121,A143,A152,A173,1,A191,A201,male,0,0
849,2,12,709,4,4,57,1,A11,A32,A43,A61,A75,A101,A121,A142,A152,A172,1,A191,A201,male,1,1
850,4,20,2235,4,2,33,2,A11,A34,A40,A61,A73,A103,A122,A141,A151,A173,1,A191,A202,male,1,1
851,6,24,4042,3,4,43,2,A14,A34,A41,A65,A74,A101,A122,A143,A152,A173,1,A192,A201,male,0,0
852,4,15,1471,4,4,35,2,A14,A34,A43,A61,A73,A101,A124,A143,A153,A173,1,A192,A201,male,0,0
853,6,18,1442,4,4,32,2,A11,A31,A40,A61,A74,A101,A124,A143,A153,A172,2,A191,A201,male,1,1
854,5,36,10875,2,2,45,2,A14,A33,A40,A61,A75,A101,A123,A143,A152,A173,2,A192,A201,male,0,0
855,4,24,1474,4,3,33,1,A14,A32,A40,A62,A72,A101,A121,A143,A152,A173,1,A192,A201,male,0,0
856,2,10,894,4,3,40,1,A14,A32,A48,A65,A74,A101,A122,A143,A152,A173,1,A192,A201,female,0,0
857,3,15,3343,4,2,28,1,A14,A34,A42,A61,A73,A101,A124,A143,A153,A173,1,A192,A201,male,0,0
858,4,15,3959,3,2,29,1,A11,A32,A40,A61,A73,A101,A122,A143,A152,A173,1,A192,A201,female,1,1
859,1,9,3577,1,2,26,1,A14,A32,A40,A62,A73,A103,A121,A143,A151,A173,2,A191,A202,male,0,0
860,1,24,5804,4,2,27,2,A14,A34,A41,A64,A73,A101,A121,A143,A152,A173,1,A191,A201,male,0,0
861,2,18,2169,4,2,28,1,A14,A33,A49,A61,A73,A101,A123,A143,A152,A173,1,A192,A201,male,1,1
862,3,24,2439,4,4,35,1,A11,A32,A43,A61,A72,A101,A121,A143,A152,A173,1,A192,A201,female,1,1
863,4,27,4526,4,2,32,2,A14,A34,A42,A64,A72,A101,A121,A142,A152,A172,2,A192,A201,male,0,0
864,5,10,2210,2,2,25,1,A14,A32,A42,A61,A73,A101,A121,A141,A151,A172,1,A191,A201,male,1,1
865,2,15,2221,2,4,20,1,A14,A32,A42,A63,A73,A101,A123,A143,A151,A173,1,A191,A201,female,0,0
866,3,18,2389,4,1,27,1,A11,A32,A43,A61,A72,A101,A123,A142,A152,A173,1,A191,A201,female,0,0
867,6,12,3331,2,4,42,1,A14,A34,A42,A61,A75,A101,A122,A142,A152,A173,1,A191,A201,male,0,0
868,2,36,7409,3,2,37,2,A14,A32,A49,A65,A75,A101,A122,A143,A152,A173,1,A191,A201,male,0,0
869,1,12,652,4,4,24,1,A11,A32,A42,A61,A75,A101,A122,A143,A151,A173,1,A191,A201,female,0,0
870,2,36,7678,2,4,40,2,A14,A33,A42,A63,A74,A101,A123,A143,A152,A173,1,A192,A201,female,0,0
871,3,6,1343,1,4,46,2,A13,A34,A40,A61,A75,A101,A121,A143,A152,A173,2,A191,A202,male,0,0
872,4,24,1382,4,1,26,2,A11,A34,A49,A62,A74,A101,A121,A143,A152,A173,1,A192,A201,male,0,0
873,5,15,874,4,1,24,1,A14,A32,A44,A65,A72,A101,A121,A143,A152,A173,1,A191,A201,female,0,0
874,6,12,3590,2,2,29,1,A11,A32,A42,A61,A73,A102,A122,A143,A152,A172,2,A191,A201,male,0,0
875,4,11,1322,4,4,40,2,A12,A34,A40,A64,A73,A101,A123,A143,A152,A173,1,A191,A201,female,0,0
876,3,18,1940,3,4,36,1,A11,A31,A43,A61,A72,A102,A124,A141,A153,A174,1,A192,A201,male,0,0
877,4,36,3595,4,2,28,1,A14,A32,A43,A61,A75,A101,A123,A143,A152,A173,1,A191,A201,male,0,0
878,6,9,1422,3,2,27,1,A11,A32,A40,A61,A72,A101,A124,A143,A153,A174,1,A192,A201,male,1,1
879,2,30,6742,2,3,36,2,A14,A34,A43,A65,A74,A101,A122,A143,A152,A173,1,A191,A201,male,0,0
880,1,24,7814,3,3,38,1,A14,A32,A41,A61,A74,A101,A123,A143,A152,A174,1,A192,A201,male,0,0
881,3,24,9277,2,4,48,1,A14,A32,A41,A65,A73,A101,A124,A143,A153,A173,1,A192,A201,male,0,0
882,3,30,2181,4,4,36,2,A12,A34,A40,A65,A75,A101,A121,A143,A152,A173,1,A191,A201,male,0,0
883,6,18,1098,4,4,65,2,A14,A34,A43,A61,A71,A101,A123,A143,A152,A171,1,A191,A201,female,0,0
884,4,24,4057,3,3,43,1,A12,A32,A42,A61,A74,A101,A123,A143,A152,A173,1,A192,A201,male,1,1
885,6,12,795,4,4,53,1,A11,A32,A46,A61,A72,A101,A122,A143,A152,A173,1,A191,A201,female,1,1
886,5,24,2825,4,3,34,2,A12,A34,A49,A65,A74,A101,A124,A143,A152,A173,2,A192,A201,male,0,0
887,6,48,15672,2,2,23,1,A12,A32,A49,A61,A73,A101,A123,A143,A152,A173,1,A192,A201,male,1,1
888,1,36,6614,4,4,34,2,A14,A34,A40,A61,A75,A101,A123,A143,A152,A174,1,A192,A201,male,0,0
889,3,28,7824,3,4,40,2,A14,A31,A41,A65,A72,A103,A121,A141,A151,A173,2,A192,A201,male,0,0
890,5,27,2442,4,4,43,4,A11,A34,A49,A61,A75,A101,A123,A142,A152,A174,2,A192,A201,male,0,0
891,3,15,1829,4,4,46,2,A14,A34,A43,A61,A75,A101,A123,A143,A152,A173,1,A192,A201,male,0,0
892,4,12,2171,4,4,38,2,A11,A34,A40,A61,A73,A101,A122,A141,A152,A172,1,A191,A202,male,0,0
893,4,36,5800,3,4,34,2,A12,A34,A41,A61,A73,A101,A123,A143,A152,A173,1,A192,A201,male,0,0
894,3,18,1169,4,3,29,2,A14,A34,A43,A65,A73,A101,A122,A143,A152,A173,1,A192,A201,male,0,0
895,4,36,8947,3,2,31,1,A14,A33,A41,A65,A74,A101,A123,A142,A152,A174,2,A192,A201,male,0,0
896,2,21,2606,4,4,28,1,A11,A32,A43,A61,A72,A101,A122,A143,A151,A174,1,A192,A201,female,0,0
897,3,12,1592,3,2,35,1,A14,A34,A42,A64,A74,A101,A122,A143,A152,A173,1,A191,A202,female,0,0
898,1,15,2186,1,4,33,1,A14,A32,A42,A65,A74,A101,A121,A141,A151,A172,1,A191,A201,female,0,0
899,5,18,4153,2,3,42,1,A11,A32,A42,A61,A73,A102,A123,A143,A152,A173,1,A191,A201,male,1,1
900,1,16,2625,2,4,43,1,A11,A34,A40,A61,A75,A103,A122,A141,A151,A173,1,A192,A201,male,1,1
901,4,20,3485,2,4,44,2,A14,A34,A40,A65,A72,A101,A121,A143,A152,A173,1,A192,A201,male,0,0
902,6,36,10477,2,4,42,2,A14,A34,A41,A65,A75,A101,A124,A143,A153,A173,1,A191,A201,male,0,0
903,2,15,1386,4,2,40,1,A14,A32,A43,A65,A73,A101,A121,A143,A151,A173,1,A192,A201,male,0,0
904,2,24,1278,4,1,36,1,A14,A32,A43,A61,A75,A101,A121,A143,A152,A174,1,A192,A201,male,0,0
905,1,12,1107,2,2,20,1,A11,A32,A43,A61,A73,A101,A121,A143,A151,A174,2,A192,A201,male,0,0
906,3,21,3763,2,2,24,1,A11,A32,A40,A65,A74,A102,A121,A143,A152,A172,1,A191,A202,male,0,0
907,5,36,3711,2,2,27,1,A12,A32,A46,A65,A73,A101,A123,A143,A152,A173,1,A191,A201,male,0,0
908,6,15,3594,1,2,46,2,A14,A33,A41,A61,A72,A101,A122,A143,A152,A172,1,A191,A201,female,0,0
909,3,9,3195,1,2,33,1,A12,A32,A40,A65,A73,A101,A121,A143,A152,A172,1,A191,A201,female,0,0
910,6,36,4454,4,4,34,2,A14,A33,A43,A61,A73,A101,A121,A143,A152,A173,1,A191,A201,female,0,0
911,1,24,4736,2,4,25,1,A12,A34,A42,A61,A72,A101,A123,A141,A152,A172,1,A191,A201,female,1,1
912,3,30,2991,2,4,25,1,A12,A32,A43,A65,A75,A101,A123,A143,A152,A173,1,A191,A201,female,0,0
913,3,11,2142,1,2,28,1,A14,A32,A49,A64,A75,A101,A121,A143,A152,A173,1,A192,A201,male,0,0
914,2,24,3161,4,2,31,1,A11,A31,A49,A61,A73,A101,A122,A143,A151,A173,1,A192,A201,male,1,1
915,1,48,18424,1,2,32,1,A12,A30,A410,A61,A73,A101,A122,A141,A152,A174,1,A192,A202,female,1,1
916,6,10,2848,1,2,32,1,A14,A32,A41,A62,A73,A102,A121,A143,A152,A173,2,A191,A201,male,0,0
917,2,6,14896,1,4,68,1,A11,A32,A40,A61,A75,A101,A124,A141,A152,A174,1,A192,A201,male,1,1
918,4,24,2359,1,1,33,1,A11,A32,A42,A62,A71,A101,A122,A143,A152,A173,1,A191,A201,male,1,1
919,1,24,3345,4,2,39,1,A11,A32,A42,A61,A75,A101,A122,A143,A151,A174,1,A192,A201,male,1,1
920,4,18,1817,4,2,28,2,A14,A34,A42,A61,A73,A101,A124,A143,A152,A173,1,A191,A201,female,0,0
921,6,48,12749,4,1,37,1,A14,A33,A43,A63,A74,A101,A123,A143,A152,A174,1,A192,A201,male,0,0
922,2,9,1366,3,4,22,1,A11,A32,A43,A61,A72,A101,A122,A143,A151,A173,1,A191,A201,female,1,1
923,5,12,2002,3,4,30,1,A12,A32,A40,A61,A74,A101,A122,A143,A151,A173,2,A192,A201,male,0,0
924,6,24,6872,2,1,55,1,A11,A31,A42,A61,A72,A101,A122,A141,A152,A173,1,A192,A201,male,1,1
925,6,12,697,4,2,46,2,A11,A31,A40,A61,A72,A101,A123,A141,A152,A173,1,A192,A201,male,1,1
926,2,18,1049,4,4,21,1,A11,A34,A42,A61,A72,A101,A122,A143,A151,A173,1,A191,A201,female,0,0
927,2,48,10297,4,4,39,3,A11,A32,A41,A61,A74,A101,A124,A142,A153,A173,2,A192,A201,male,1,1
928,5,30,1867,4,4,58,1,A14,A32,A43,A65,A75,A101,A123,A143,A152,A173,1,A192,A201,male,0,0
929,1,12,1344,4,2,43,2,A11,A33,A40,A61,A73,A101,A121,A143,A152,A172,2,A191,A201,male,0,0
930,6,24,1747,4,1,24,1,A11,A32,A42,A61,A72,A102,A122,A143,A152,A172,1,A191,A202,male,0,0
931,6,9,1670,4,2,22,1,A12,A32,A43,A61,A72,A101,A123,A143,A152,A173,1,A192,A201,female,1,1
932,1,9,1224,3,1,30,2,A14,A34,A40,A61,A73,A101,A121,A143,A152,A173,1,A191,A201,male,0,0
933,4,12,522,4,4,42,2,A14,A34,A43,A63,A75,A101,A122,A143,A152,A173,2,A192,A201,male,0,0
934,5,12,1498,4,1,23,1,A11,A32,A43,A61,A73,A101,A123,A141,A152,A173,1,A191,A201,female,0,0
935,4,30,1919,4,3,30,2,A12,A33,A43,A62,A72,A101,A124,A142,A152,A174,1,A191,A201,male,1,1
936,1,9,745,3,2,28,1,A13,A32,A43,A61,A73,A101,A121,A143,A152,A172,1,A191,A201,female,1,1
937,6,6,2063,4,3,30,1,A12,A32,A43,A61,A72,A101,A123,A143,A151,A174,1,A192,A201,male,0,0
938,5,60,6288,4,4,42,1,A12,A32,A46,A61,A73,A101,A124,A143,A153,A173,1,A191,A201,male,1,1
939,4,24,6842,2,4,46,2,A14,A34,A41,A65,A73,A101,A122,A143,A152,A174,2,A192,A201,male,0,0
940,4,12,3527,2,3,45,1,A14,A32,A40,A65,A72,A101,A122,A143,A152,A174,2,A192,A201,male,0,0
941,6,10,1546,3,2,31,1,A14,A32,A40,A61,A73,A101,A121,A143,A152,A172,2,A191,A202,male,0,0
942,3,24,929,4,2,31,1,A14,A32,A42,A65,A74,A101,A123,A142,A152,A173,1,A192,A201,male,0,0
943,5,4,1455,2,1,42,3,A14,A34,A40,A61,A74,A101,A121,A143,A152,A172,2,A191,A201,male,0,0
944,4,15,1845,4,1,46,1,A11,A32,A42,A61,A72,A103,A122,A143,A151,A173,1,A191,A201,female,0,0
945,3,48,8358,1,1,30,2,A12,A30,A40,A63,A72,A101,A123,A143,A152,A173,1,A191,A201,female,0,0
946,4,24,3349,4,4,30,1,A11,A31,A42,A63,A72,A101,A124,A143,A153,A173,2,A192,A201,male,1,1
947,5,12,2859,4,4,38,1,A14,A32,A40,A65,A71,A101,A124,A143,A152,A174,1,A192,A201,male,0,0
948,2,18,1533,4,1,43,1,A14,A32,A42,A61,A72,A102,A122,A143,A152,A172,2,A191,A201,male,1,1
949,6,24,3621,2,4,31,2,A14,A32,A43,A62,A75,A101,A123,A143,A152,A173,1,A191,A201,male,1,1
950,2,18,3590,3,3,40,3,A12,A34,A49,A61,A71,A101,A123,A143,A152,A171,2,A192,A201,male,0,0
951,1,36,2145,2,1,24,2,A11,A33,A49,A61,A74,A101,A123,A143,A152,A173,1,A192,A201,male,1,1
952,5,24,4113,3,4,28,1,A12,A32,A41,A63,A72,A101,A123,A143,A151,A173,1,A191,A201,female,1,1
953,4,36,10974,4,2,26,2,A14,A32,A42,A61,A71,A101,A123,A143,A152,A174,1,A192,A201,female,1,1
954,3,12,1893,4,4,29,1,A11,A32,A40,A61,A73,A103,A122,A143,A152,A173,1,A192,A201,female,0,0
955,1,24,1231,4,4,57,2,A11,A34,A43,A64,A75,A101,A122,A143,A151,A174,1,A192,A201,female,0,0
956,5,30,3656,4,4,49,2,A13,A34,A43,A65,A75,A101,A122,A142,A152,A172,1,A191,A201,male,0,0
957,1,9,1154,2,4,37,3,A12,A34,A43,A61,A75,A101,A121,A143,A152,A172,1,A191,A201,male,0,0
958,4,28,4006,3,2,45,1,A11,A32,A40,A61,A73,A101,A123,A143,A152,A172,1,A191,A201,male,1,1
959,4,24,3069,4,4,30,1,A12,A32,A42,A62,A75,A101,A124,A143,A153,A173,1,A191,A201,male,0,0
960,2,6,1740,2,2,30,2,A14,A34,A43,A61,A75,A101,A121,A143,A151,A173,1,A191,A201,male,0,0
961,5,21,2353,1,4,47,2,A12,A33,A40,A61,A73,A101,A122,A143,A152,A173,1,A191,A201,male,0,0
962,5,15,3556,3,2,29,1,A14,A32,A40,A65,A73,A101,A124,A143,A152,A173,1,A191,A201,male,0,0
963,6,24,2397,3,2,35,2,A14,A32,A43,A63,A75,A101,A123,A141,A152,A173,1,A192,A201,male,1,1
964,6,6,454,3,1,22,1,A12,A32,A45,A61,A72,A101,A122,A143,A152,A172,1,A191,A201,male,0,0
965,4,30,1715,4,1,26,1,A12,A32,A43,A65,A73,A101,A123,A143,A152,A173,1,A191,A201,female,0,0
966,4,27,2520,4,2,23,2,A12,A34,A43,A63,A73,A101,A122,A143,A152,A172,1,A191,A201,male,1,1
967,3,15,3568,4,2,54,1,A14,A32,A43,A61,A75,A101,A123,A141,A151,A174,1,A192,A201,female,0,0
968,1,42,7166,2,4,29,1,A14,A32,A43,A65,A74,A101,A122,A143,A151,A173,1,A192,A201,male,0,0
969,6,11,3939,1,2,40,2,A11,A34,A40,A61,A73,A101,A121,A143,A152,A172,2,A191,A201,male,0,0
970,5,15,1514,4,2,22,1,A12,A32,A45,A62,A73,A103,A121,A143,A152,A173,1,A191,A201,male,0,0
971,5,24,7393,1,4,43,1,A14,A32,A40,A61,A73,A101,A122,A143,A152,A172,2,A191,A201,male,0,1
972,4,24,1193,1,4,29,2,A11,A31,A40,A61,A71,A102,A124,A143,A151,A171,1,A191,A201,female,1,1
973,3,60,7297,4,4,36,1,A11,A32,A49,A61,A75,A102,A124,A143,A151,A173,1,A191,A201,male,1,1
974,6,30,2831,4,2,33,1,A14,A34,A43,A61,A73,A101,A123,A143,A152,A173,1,A192,A201,female,0,0
975,3,24,1258,3,3,57,1,A13,A32,A43,A63,A73,A101,A123,A143,A152,A172,1,A191,A201,female,0,0
976,5,6,753,2,3,64,1,A12,A32,A43,A61,A73,A103,A121,A143,A152,A173,1,A191,A201,female,0,0
977,2,18,2427,4,2,42,2,A12,A33,A49,A65,A75,A101,A122,A143,A152,A173,1,A191,A201,male,0,0
978,6,24,2538,4,4,47,2,A14,A33,A40,A61,A75,A101,A123,A143,A152,A172,2,A191,A201,male,1,1
979,6,15,1264,2,2,25,1,A12,A31,A40,A62,A73,A101,A122,A143,A151,A173,1,A191,A201,male,1,1
980,4,30,8386,2,2,49,1,A12,A34,A42,A61,A74,A101,A122,A143,A152,A173,1,A191,A201,male,1,1
981,1,48,4844,3,2,33,1,A14,A32,A49,A61,A71,A101,A123,A141,A151,A174,1,A192,A201,male,1,1
982,6,21,2923,1,1,28,1,A13,A32,A40,A62,A73,A101,A123,A141,A152,A174,1,A192,A201,female,0,0
983,6,36,8229,2,2,26,1,A11,A32,A41,A61,A73,A101,A122,A143,A152,A173,2,A191,A201,male,1,1
984,4,24,2028,2,2,30,2,A14,A34,A42,A61,A74,A101,A122,A143,A152,A172,1,A191,A201,male,0,0
985,5,15,1433,4,3,25,2,A11,A34,A42,A61,A73,A101,A122,A143,A151,A173,1,A191,A201,female,0,0
986,3,42,6289,2,1,33,2,A13,A30,A49,A61,A72,A101,A122,A143,A152,A173,1,A191,A201,male,0,0
987,1,13,1409,2,4,64,1,A14,A32,A43,A62,A71,A101,A121,A143,A152,A173,1,A191,A201,female,0,0
988,2,24,6579,4,2,29,1,A11,A32,A41,A61,A71,A101,A124,A143,A153,A174,1,A192,A201,male,0,0
989,1,24,1743,4,2,48,2,A12,A34,A43,A61,A75,A101,A122,A143,A152,A172,1,A191,A201,male,0,0
990,2,12,3565,2,1,37,2,A14,A34,A46,A65,A72,A101,A122,A143,A152,A172,2,A191,A201,male,0,0
991,1,15,1569,4,4,34,1,A14,A31,A43,A62,A75,A101,A123,A141,A152,A172,2,A191,A201,male,0,0
992,6,18,1936,2,4,23,2,A11,A32,A43,A65,A74,A101,A123,A143,A151,A172,1,A191,A201,male,0,0
993,4,36,3959,4,3,30,1,A11,A32,A42,A61,A71,A101,A122,A143,A152,A174,1,A192,A201,male,0,0
994,3,12,2390,4,3,50,1,A14,A32,A40,A65,A75,A101,A123,A143,A152,A173,1,A192,A201,male,0,0
995,2,12,1736,3,4,31,1,A14,A32,A42,A61,A74,A101,A121,A143,A152,A172,1,A191,A201,female,0,0
996,2,30,3857,4,4,40,1,A11,A32,A41,A61,A73,A101,A122,A143,A152,A174,1,A192,A201,male,0,0
997,6,12,804,4,4,38,1,A14,A32,A43,A61,A75,A101,A123,A143,A152,A173,1,A191,A201,male,0,0
998,6,45,1845,4,4,23,1,A11,A32,A43,A61,A73,A101,A124,A143,A153,A173,1,A192,A201,male,1,1
999,2,45,4576,3,4,27,1,A12,A34,A41,A62,A71,A101,A123,A143,A152,A173,1,A191,A201,male,0,0